"Longitude (x)","Latitude (y)","Station Name","Climate ID","Date/Time","Year","Month","Day","Data Quality","Max Temp (°C)","Max Temp Flag","Min Temp (°C)","Min Temp Flag","Mean Temp (°C)","Mean Temp Flag","Heat Deg Days (°C)","Heat Deg Days Flag","Cool Deg Days (°C)","Cool Deg Days Flag","Total Rain (mm)","Total Rain Flag","Total Snow (cm)","Total Snow Flag","Total Precip (mm)","Total Precip Flag","Snow on Grnd (cm)","Snow on Grnd Flag","Dir of Max Gust (10s deg)","Dir of Max Gust Flag","Spd of Max Gust (km/h)","Spd of Max Gust Flag"
"-102.57","50.37","BROADVIEW","4010879","2013-01-01","2013","01","01","","-1.5","","-15.8","","-8.7","","26.7","","0.0","","","M","","M","0.3","","18","","32","","56",""
"-102.57","50.37","BROADVIEW","4010879","2013-01-02","2013","01","02","","-2.3","","-14.5","","-8.4","","26.4","","0.0","","","M","","M","0.0","","18","","34","","39",""
"-102.57","50.37","BROADVIEW","4010879","2013-01-03","2013","01","03","","-2.9","","-14.3","","-8.6","","26.6","","0.0","","","M","","M","0.0","","17","","25","","39",""
"-102.57","50.37","BROADVIEW","4010879","2013-01-04","2013","01","04","","-5.8","","-14.5","","-10.2","","28.2","","0.0","","","M","","M","0.0","","17","","","","<31",""
"-102.57","50.37","BROADVIEW","4010879","2013-01-05","2013","01","05","","-7.5","","-13.8","","-10.7","","28.7","","0.0","","","M","","M","0.0","","17","","26","","32",""
"-102.57","50.37","BROADVIEW","4010879","2013-01-06","2013","01","06","","-0.2","","-8.7","","-4.5","","22.5","","0.0","","","M","","M","0.0","","17","","28","","50",""
"-102.57","50.37","BROADVIEW","4010879","2013-01-07","2013","01","07","","-0.1","","-16.0","","-8.1","","26.1","","0.0","","","M","","M","0.0","","17","","29","","50",""
"-102.57","50.37","BROADVIEW","4010879","2013-01-08","2013","01","08","","-0.5","","-16.0","","-8.3","","26.3","","0.0","","","M","","M","0.0","","17","","32","","63",""
"-102.57","50.37","BROADVIEW","4010879","2013-01-09","2013","01","09","","1.1","","-13.3","","-6.1","","24.1","","0.0","","","M","","M","0.0","","14","","32","","48",""
"-102.57","50.37","BROADVIEW","4010879","2013-01-10","2013","01","10","","2.6","","-10.7","","-4.1","","22.1","","0.0","","","M","","M","0.0","","14","","36","","44",""
"-102.57","50.37","BROADVIEW","4010879","2013-01-11","2013","01","11","","-10.7","","-20.8","","-15.8","","33.8","","0.0","","","M","","M","1.4","","14","","20","","54",""
"-102.57","50.37","BROADVIEW","4010879","2013-01-12","2013","01","12","","-16.6","","-27.2","","-21.9","","39.9","","0.0","","","M","","M","0.0","","14","","34","","37",""
"-102.57","50.37","BROADVIEW","4010879","2013-01-13","2013","01","13","","-17.7","","-21.7","","-19.7","","37.7","","0.0","","","M","","M","0.0","","14","","","","<31",""
"-102.57","50.37","BROADVIEW","4010879","2013-01-14","2013","01","14","","-19.7","","-29.1","","-24.4","","42.4","","0.0","","","M","","M","0.0","","14","","","","<31",""
"-102.57","50.37","BROADVIEW","4010879","2013-01-15","2013","01","15","","2.4","","-26.1","","-11.9","","29.9","","0.0","","","M","","M","0.3","","14","","33","","48",""
"-102.57","50.37","BROADVIEW","4010879","2013-01-16","2013","01","16","","-4.5","","-16.0","","-10.3","","28.3","","0.0","","0.0","","","M","1.0","","13","","34","","35",""
"-102.57","50.37","BROADVIEW","4010879","2013-01-17","2013","01","17","","-10.9","","-19.0","","-15.0","","33.0","","0.0","","","M","","M","0.6","","17","","13","","35",""
"-102.57","50.37","BROADVIEW","4010879","2013-01-18","2013","01","18","","1.2","","-12.0","","-5.4","","23.4","","0.0","","","M","","M","0.0","","14","","31","","39",""
"-102.57","50.37","BROADVIEW","4010879","2013-01-19","2013","01","19","","0.3","","-22.9","","-11.3","","29.3","","0.0","","","M","","M","0.0","","20","","33","","61",""
"-102.57","50.37","BROADVIEW","4010879","2013-01-20","2013","01","20","","-19.2","","-27.8","","-23.5","","41.5","","0.0","","","M","","M","0.0","","13","","33","","50",""
"-102.57","50.37","BROADVIEW","4010879","2013-01-21","2013","01","21","","-22.6","","-29.1","","-25.9","","43.9","","0.0","","","M","","M","0.0","","13","","29","","37",""
"-102.57","50.37","BROADVIEW","4010879","2013-01-22","2013","01","22","","-15.4","","-26.4","","-20.9","","38.9","","0.0","","","M","","M","0.0","","13","","","","<31",""
"-102.57","50.37","BROADVIEW","4010879","2013-01-23","2013","01","23","","-20.7","","-25.9","","-23.3","","41.3","","0.0","","","M","","M","","M","13","","","","<31",""
"-102.57","50.37","BROADVIEW","4010879","2013-01-24","2013","01","24","","-11.7","","-22.9","","-17.3","","35.3","","0.0","","","M","","M","0.0","","13","","15","","57",""
"-102.57","50.37","BROADVIEW","4010879","2013-01-25","2013","01","25","","-19.3","","-27.9","","-23.6","","41.6","","0.0","","","M","","M","0.0","","13","","32","","35",""
"-102.57","50.37","BROADVIEW","4010879","2013-01-26","2013","01","26","","-10.1","","-22.5","","-16.3","","34.3","","0.0","","","M","","M","0.0","","13","","","","<31",""
"-102.57","50.37","BROADVIEW","4010879","2013-01-27","2013","01","27","","-5.9","","-13.0","","-9.5","","27.5","","0.0","","0.0","","","M","1.0","","13","","","","<31",""
"-102.57","50.37","BROADVIEW","4010879","2013-01-28","2013","01","28","","-4.8","","-8.7","","-6.8","","24.8","","0.0","","","M","","M","0.0","","15","","","","<31",""
"-102.57","50.37","BROADVIEW","4010879","2013-01-29","2013","01","29","","-7.4","","-24.2","","-15.8","","33.8","","0.0","","","M","","M","0.0","","15","","31","","46",""
"-102.57","50.37","BROADVIEW","4010879","2013-01-30","2013","01","30","","-24.2","","-31.4","","-27.8","","45.8","","0.0","","","M","","M","0.0","","14","","30","","39",""
"-102.57","50.37","BROADVIEW","4010879","2013-01-31","2013","01","31","","-26.9","","-33.9","","-30.4","","48.4","","0.0","","","M","","M","0.0","","14","","30","","32",""
"-102.57","50.37","BROADVIEW","4010879","2013-02-01","2013","02","01","","-16.3","","-32.8","","-24.6","","42.6","","0.0","","","M","","M","0.0","","14","","","","<31",""
"-102.57","50.37","BROADVIEW","4010879","2013-02-02","2013","02","02","","-8.7","","-25.4","","-17.1","","35.1","","0.0","","","M","","M","0.5","","15","","33","","48",""
"-102.57","50.37","BROADVIEW","4010879","2013-02-03","2013","02","03","","-12.0","","-17.9","","-15.0","","33.0","","0.0","","0.0","","","M","0.3","","14","","","","<31",""
"-102.57","50.37","BROADVIEW","4010879","2013-02-04","2013","02","04","","-0.2","","-13.9","","-7.1","","25.1","","0.0","","0.0","","","M","0.8","","16","","27","","35",""
"-102.57","50.37","BROADVIEW","4010879","2013-02-05","2013","02","05","","-6.0","","-14.9","","-10.5","","28.5","","0.0","","","M","","M","0.0","","17","","","","<31",""
"-102.57","50.37","BROADVIEW","4010879","2013-02-06","2013","02","06","","-5.5","","-13.6","","-9.6","","27.6","","0.0","","0.0","","","M","1.0","","17","","","","<31",""
"-102.57","50.37","BROADVIEW","4010879","2013-02-07","2013","02","07","","-8.4","","-16.7","","-12.6","","30.6","","0.0","","","M","","M","0.0","","19","","14","","32",""
"-102.57","50.37","BROADVIEW","4010879","2013-02-08","2013","02","08","","-2.5","","-14.0","","-8.3","","26.3","","0.0","","","M","","M","0.0","","18","","20","","32",""
"-102.57","50.37","BROADVIEW","4010879","2013-02-09","2013","02","09","","-1.4","","-17.6","","-9.5","","27.5","","0.0","","","M","","M","0.0","","18","","","","<31",""
"-102.57","50.37","BROADVIEW","4010879","2013-02-10","2013","02","10","","-3.4","","-10.0","","-6.7","","24.7","","0.0","","","M","","M","0.0","","18","","36","","33",""
"-102.57","50.37","BROADVIEW","4010879","2013-02-11","2013","02","11","","-6.6","","-13.6","","-10.1","","28.1","","0.0","","","M","","M","0.0","","18","","23","","35",""
"-102.57","50.37","BROADVIEW","4010879","2013-02-12","2013","02","12","","1.2","","-9.4","","-4.1","","22.1","","0.0","","","M","","M","0.0","","18","","28","","33",""
"-102.57","50.37","BROADVIEW","4010879","2013-02-13","2013","02","13","","-1.3","","-9.5","","-5.4","","23.4","","0.0","","0.0","","","M","3.8","","17","","8","","32",""
"-102.57","50.37","BROADVIEW","4010879","2013-02-14","2013","02","14","","-6.0","","-13.7","","-9.9","","27.9","","0.0","","","M","","M","0.0","","20","","30","","32",""
"-102.57","50.37","BROADVIEW","4010879","2013-02-15","2013","02","15","","-6.7","","-17.0","","-11.9","","29.9","","0.0","","","M","","M","0.0","","20","","34","","32",""
"-102.57","50.37","BROADVIEW","4010879","2013-02-16","2013","02","16","","-0.2","","-12.5","","-6.4","","24.4","","0.0","","","M","","M","0.0","","20","","","","<31",""
"-102.57","50.37","BROADVIEW","4010879","2013-02-17","2013","02","17","","-1.2","","-11.7","","-6.5","","24.5","","0.0","","","M","","M","0.0","","20","","1","","44",""
"-102.57","50.37","BROADVIEW","4010879","2013-02-18","2013","02","18","","-11.7","","-26.3","","-19.0","","37.0","","0.0","","","M","","M","0.0","","17","","1","","43",""
"-102.57","50.37","BROADVIEW","4010879","2013-02-19","2013","02","19","","-20.7","","-35.4","","-28.1","","46.1","","0.0","","","M","","M","0.0","","17","","13","","35",""
"-102.57","50.37","BROADVIEW","4010879","2013-02-20","2013","02","20","","-15.2","","-24.9","","-20.1","","38.1","","0.0","","","M","","M","0.0","","17","","15","","48",""
"-102.57","50.37","BROADVIEW","4010879","2013-02-21","2013","02","21","","-9.0","","-19.2","","-14.1","","32.1","","0.0","","","M","","M","0.0","","15","","","","<31",""
"-102.57","50.37","BROADVIEW","4010879","2013-02-22","2013","02","22","","-3.6","","-13.8","","-8.7","","26.7","","0.0","","","M","","M","0.0","","15","","","","<31",""
"-102.57","50.37","BROADVIEW","4010879","2013-02-23","2013","02","23","","-0.5","","-14.6","","-7.6","","25.6","","0.0","","","M","","M","0.0","","14","","","","<31",""
"-102.57","50.37","BROADVIEW","4010879","2013-02-24","2013","02","24","","-4.5","","-14.2","","-9.4","","27.4","","0.0","","","M","","M","0.0","","14","","","","<31",""
"-102.57","50.37","BROADVIEW","4010879","2013-02-25","2013","02","25","","-1.3","","-13.9","","-7.6","","25.6","","0.0","","","M","","M","0.0","","15","","","","<31",""
"-102.57","50.37","BROADVIEW","4010879","2013-02-26","2013","02","26","","-1.4","","-16.1","","-8.8","","26.8","","0.0","","0.0","","","M","0.3","","15","","","","<31",""
"-102.57","50.37","BROADVIEW","4010879","2013-02-27","2013","02","27","","-4.2","","-21.1","","-12.7","","30.7","","0.0","","","M","","M","0.0","","17","","","","<31",""
"-102.57","50.37","BROADVIEW","4010879","2013-02-28","2013","02","28","","-6.2","","-21.8","","-14.0","","32.0","","0.0","","","M","","M","0.0","","17","","","","<31",""
"-102.57","50.37","BROADVIEW","4010879","2013-03-01","2013","03","01","","-4.3","","-7.5","","-5.9","","23.9","","0.0","","","M","","M","0.0","","16","","16","","39",""
"-102.57","50.37","BROADVIEW","4010879","2013-03-02","2013","03","02","","0.5","","-13.5","","-6.5","","24.5","","0.0","","","M","","M","0.0","","17","","","","<31",""
"-102.57","50.37","BROADVIEW","4010879","2013-03-03","2013","03","03","","-2.4","","-9.2","","-5.8","","23.8","","0.0","","","M","","M","1.9","","18","","7","","43",""
"-102.57","50.37","BROADVIEW","4010879","2013-03-04","2013","03","04","","-6.6","","-12.0","","-9.3","","27.3","","0.0","","","M","","M","1.3","","18","","1","","48",""
"-102.57","50.37","BROADVIEW","4010879","2013-03-05","2013","03","05","","-8.2","","-22.7","","-15.5","","33.5","","0.0","","","M","","M","0.0","","17","","","","<31",""
"-102.57","50.37","BROADVIEW","4010879","2013-03-06","2013","03","06","","-9.6","","-24.3","","-17.0","","35.0","","0.0","","","M","","M","0.0","","17","","13","","33",""
"-102.57","50.37","BROADVIEW","4010879","2013-03-07","2013","03","07","","-8.4","","-16.3","","-12.4","","30.4","","0.0","","0.0","","","M","0.9","","17","","14","","37",""
"-102.57","50.37","BROADVIEW","4010879","2013-03-08","2013","03","08","","-7.1","","-17.1","","-12.1","","30.1","","0.0","","","M","","M","0.0","","19","","","","<31",""
"-102.57","50.37","BROADVIEW","4010879","2013-03-09","2013","03","09","","-5.9","","-17.9","","-11.9","","29.9","","0.0","","0.0","","","M","5.5","","26","","31","","33",""
"-102.57","50.37","BROADVIEW","4010879","2013-03-10","2013","03","10","","-7.3","","-23.3","","-15.3","","33.3","","0.0","","","M","","M","0.0","","30","","","","<31",""
"-102.57","50.37","BROADVIEW","4010879","2013-03-11","2013","03","11","","-2.4","","-14.4","","-8.4","","26.4","","0.0","","","M","","M","0.0","","30","","34","","46",""
"-102.57","50.37","BROADVIEW","4010879","2013-03-12","2013","03","12","","-6.8","","-23.4","","-15.1","","33.1","","0.0","","","M","","M","0.0","","24","","35","","41",""
"-102.57","50.37","BROADVIEW","4010879","2013-03-13","2013","03","13","","-4.0","","-23.2","","-13.6","","31.6","","0.0","","","M","","M","0.0","","25","","15","","33",""
"-102.57","50.37","BROADVIEW","4010879","2013-03-14","2013","03","14","","-4.5","","-14.7","","-9.6","","27.6","","0.0","","","M","","M","0.3","","24","","9","","33",""
"-102.57","50.37","BROADVIEW","4010879","2013-03-15","2013","03","15","","-9.2","","-25.5","","-17.4","","35.4","","0.0","","0.0","","","M","0.3","","23","","9","","35",""
"-102.57","50.37","BROADVIEW","4010879","2013-03-16","2013","03","16","","-15.5","","-25.1","","-20.3","","38.3","","0.0","","","M","","M","0.0","","24","","","","<31",""
"-102.57","50.37","BROADVIEW","4010879","2013-03-17","2013","03","17","","-13.8","","-17.9","","-15.9","","33.9","","0.0","","0.0","","","M","4.4","","24","","14","","46",""
"-102.57","50.37","BROADVIEW","4010879","2013-03-18","2013","03","18","","-12.5","","-20.9","","-16.7","","34.7","","0.0","","","M","","M","0.0","","27","","35","","39",""
"-102.57","50.37","BROADVIEW","4010879","2013-03-19","2013","03","19","","-12.1","","-25.0","","-18.6","","36.6","","0.0","","","M","","M","0.0","","26","","","","<31",""
"-102.57","50.37","BROADVIEW","4010879","2013-03-20","2013","03","20","","-10.2","","-28.9","","-19.6","","37.6","","0.0","","","M","","M","0.0","","26","","12","","35",""
"-102.57","50.37","BROADVIEW","4010879","2013-03-21","2013","03","21","","-10.7","","-19.0","","-14.9","","32.9","","0.0","","","M","","M","0.0","","24","","13","","37",""
"-102.57","50.37","BROADVIEW","4010879","2013-03-22","2013","03","22","","-8.8","","-18.9","","-13.9","","31.9","","0.0","","","M","","M","0.0","","24","","","","<31",""
"-102.57","50.37","BROADVIEW","4010879","2013-03-23","2013","03","23","","-5.5","","-16.5","","-11.0","","29.0","","0.0","","","M","","M","0.0","","24","","","","<31",""
"-102.57","50.37","BROADVIEW","4010879","2013-03-24","2013","03","24","","-6.7","","-16.0","","-11.4","","29.4","","0.0","","","M","","M","0.0","","25","","","","<31",""
"-102.57","50.37","BROADVIEW","4010879","2013-03-25","2013","03","25","","-4.7","","-26.0","","-15.4","","33.4","","0.0","","","M","","M","0.0","","24","","","","<31",""
"-102.57","50.37","BROADVIEW","4010879","2013-03-26","2013","03","26","","-6.2","","-21.5","","-13.9","","31.9","","0.0","","","M","","M","0.0","","24","","","","<31",""
"-102.57","50.37","BROADVIEW","4010879","2013-03-27","2013","03","27","","-4.0","","-19.4","","-11.7","","29.7","","0.0","","","M","","M","0.0","","24","","","","<31",""
"-102.57","50.37","BROADVIEW","4010879","2013-03-28","2013","03","28","","-0.5","","-19.7","","-10.1","","28.1","","0.0","","","M","","M","0.0","","24","","","","<31",""
"-102.57","50.37","BROADVIEW","4010879","2013-03-29","2013","03","29","","4.3","","-16.0","","-5.9","","23.9","","0.0","","","M","","M","0.0","","24","","","","<31",""
"-102.57","50.37","BROADVIEW","4010879","2013-03-30","2013","03","30","","2.3","","-7.9","","-2.8","","20.8","","0.0","","","M","","M","0.0","","22","","31","","43",""
"-102.57","50.37","BROADVIEW","4010879","2013-03-31","2013","03","31","","-5.1","","-13.6","","-9.4","","27.4","","0.0","","","M","","M","0.0","","20","","31","","32",""
"-102.57","50.37","BROADVIEW","4010879","2013-04-01","2013","04","01","","-3.3","","-23.1","","-13.2","","31.2","","0.0","","","M","","M","0.0","","20","","","","<31",""
"-102.57","50.37","BROADVIEW","4010879","2013-04-02","2013","04","02","","-2.8","","-14.8","","-8.8","","26.8","","0.0","","","M","","M","0.0","","20","","15","","35",""
"-102.57","50.37","BROADVIEW","4010879","2013-04-03","2013","04","03","","3.8","","-5.1","","-0.7","","18.7","","0.0","","","M","","M","0.0","","19","","31","","52",""
"-102.57","50.37","BROADVIEW","4010879","2013-04-04","2013","04","04","","-0.3","","-9.8","","-5.1","","23.1","","0.0","","","M","","M","0.0","","16","","","","<31",""
"-102.57","50.37","BROADVIEW","4010879","2013-04-05","2013","04","05","","-3.6","","-10.2","","-6.9","","24.9","","0.0","","","M","","M","0.4","","16","","13","","54",""
"-102.57","50.37","BROADVIEW","4010879","2013-04-06","2013","04","06","","-1.2","","-4.7","","-3.0","","21.0","","0.0","","","M","","M","0.0","","16","","","","<31",""
"-102.57","50.37","BROADVIEW","4010879","2013-04-07","2013","04","07","","-1.4","","-8.5","","-5.0","","23.0","","0.0","","","M","","M","3.3","","16","","","","<31",""
"-102.57","50.37","BROADVIEW","4010879","2013-04-08","2013","04","08","","-8.2","","-16.2","","-12.2","","30.2","","0.0","","","M","","M","0.0","","19","","33","","39",""
"-102.57","50.37","BROADVIEW","4010879","2013-04-09","2013","04","09","","-2.5","","-16.5","","-9.5","","27.5","","0.0","","","M","","M","0.0","","18","","","","<31",""
"-102.57","50.37","BROADVIEW","4010879","2013-04-10","2013","04","10","","0.8","","-22.4","","-10.8","","28.8","","0.0","","","M","","M","0.0","","18","","","","<31",""
"-102.57","50.37","BROADVIEW","4010879","2013-04-11","2013","04","11","","0.4","","-12.5","","-6.1","","24.1","","0.0","","","M","","M","0.0","","18","","13","","32",""
"-102.57","50.37","BROADVIEW","4010879","2013-04-12","2013","04","12","","0.7","","-8.8","","-4.1","","22.1","","0.0","","","M","","M","0.3","","18","","","","<31",""
"-102.57","50.37","BROADVIEW","4010879","2013-04-13","2013","04","13","","-1.9","","-13.6","","-7.8","","25.8","","0.0","","","M","","M","0.3","","17","","10","","46",""
"-102.57","50.37","BROADVIEW","4010879","2013-04-14","2013","04","14","","1.0","","-9.0","","-4.0","","22.0","","0.0","","","M","","M","0.0","","16","","6","","43",""
"-102.57","50.37","BROADVIEW","4010879","2013-04-15","2013","04","15","","-2.0","","-4.9","","-3.5","","21.5","","0.0","","","M","","M","0.0","","16","","36","","37",""
"-102.57","50.37","BROADVIEW","4010879","2013-04-16","2013","04","16","","-1.3","","-8.6","","-5.0","","23.0","","0.0","","","M","","M","0.0","","17","","","","<31",""
"-102.57","50.37","BROADVIEW","4010879","2013-04-17","2013","04","17","","-0.5","","-8.4","","-4.5","","22.5","","0.0","","","M","","M","0.0","","17","","","","<31",""
"-102.57","50.37","BROADVIEW","4010879","2013-04-18","2013","04","18","","2.0","","-10.2","","-4.1","","22.1","","0.0","","","M","","M","0.0","","16","","","","<31",""
"-102.57","50.37","BROADVIEW","4010879","2013-04-19","2013","04","19","","1.9","","-11.4","","-4.8","","22.8","","0.0","","","M","","M","0.0","","15","","","","<31",""
"-102.57","50.37","BROADVIEW","4010879","2013-04-20","2013","04","20","","-0.2","","-9.7","","-5.0","","23.0","","0.0","","","M","","M","0.0","","13","","17","","48",""
"-102.57","50.37","BROADVIEW","4010879","2013-04-21","2013","04","21","","0.7","","-6.3","","-2.8","","20.8","","0.0","","","M","","M","0.4","","13","","28","","54",""
"-102.57","50.37","BROADVIEW","4010879","2013-04-22","2013","04","22","","-0.6","","-11.1","","-5.9","","23.9","","0.0","","","M","","M","0.0","","12","","32","","33",""
"-102.57","50.37","BROADVIEW","4010879","2013-04-23","2013","04","23","","3.2","","-11.5","","-4.2","","22.2","","0.0","","","M","","M","","M","12","","","","<31",""
"-102.57","50.37","BROADVIEW","4010879","2013-04-24","2013","04","24","","-1.1","","-10.4","","-5.8","","23.8","","0.0","","","M","","M","0.0","","10","","33","","54",""
"-102.57","50.37","BROADVIEW","4010879","2013-04-25","2013","04","25","","5.0","","-11.8","","-3.4","","21.4","","0.0","","","M","","M","0.0","","9","","23","","33",""
"-102.57","50.37","BROADVIEW","4010879","2013-04-26","2013","04","26","","10.1","","-1.5","","4.3","","13.7","","0.0","","","M","","M","0.0","","1","","","","<31",""
"-102.57","50.37","BROADVIEW","4010879","2013-04-27","2013","04","27","","12.8","","1.5","","7.2","","10.8","","0.0","","","M","","M","0.0","","","","","","<31",""
"-102.57","50.37","BROADVIEW","4010879","2013-04-28","2013","04","28","","9.4","","-0.8","","4.3","","13.7","","0.0","","","M","","M","0.0","","","","28","","65",""
"-102.57","50.37","BROADVIEW","4010879","2013-04-29","2013","04","29","","13.7","","-0.3","","6.7","","11.3","","0.0","","","M","","M","4.3","","","","15","","46",""
"-102.57","50.37","BROADVIEW","4010879","2013-04-30","2013","04","30","","-0.2","","-6.1","","-3.2","","21.2","","0.0","","","M","","M","16.9","","18","","1","","56",""
"-102.57","50.37","BROADVIEW","4010879","2013-05-01","2013","05","01","","2.2","","-8.4","","-3.1","","21.1","","0.0","","","M","","M","0.0","","16","","","","<31",""
"-102.57","50.37","BROADVIEW","4010879","2013-05-02","2013","05","02","","6.8","","-10.6","","-1.9","","19.9","","0.0","","","M","","M","0.0","","8","","","","<31",""
"-102.57","50.37","BROADVIEW","4010879","2013-05-03","2013","05","03","","12.9","","-1.5","","5.7","","12.3","","0.0","","","M","","M","0.0","","3","","","","<31",""
"-102.57","50.37","BROADVIEW","4010879","2013-05-04","2013","05","04","","17.4","","0.3","","8.9","","9.1","","0.0","","","M","","M","0.0","","","","","","<31",""
"-102.57","50.37","BROADVIEW","4010879","2013-05-05","2013","05","05","","20.5","","1.6","","11.1","","6.9","","0.0","","","M","","M","0.0","","","","","","<31",""
"-102.57","50.37","BROADVIEW","4010879","2013-05-06","2013","05","06","","23.7","","5.8","","14.8","","3.2","","0.0","","","M","","M","0.0","","","","26","","37",""
"-102.57","50.37","BROADVIEW","4010879","2013-05-07","2013","05","07","","25.5","","5.8","","15.7","","2.3","","0.0","","","M","","M","0.0","","","","34","","56",""
"-102.57","50.37","BROADVIEW","4010879","2013-05-08","2013","05","08","","12.9","","0.6","","6.8","","11.2","","0.0","","","M","","M","0.0","","","","7","","41",""
"-102.57","50.37","BROADVIEW","4010879","2013-05-09","2013","05","09","","15.5","","-3.3","","6.1","","11.9","","0.0","","","M","","M","0.0","","","","15","","33",""
"-102.57","50.37","BROADVIEW","4010879","2013-05-10","2013","05","10","","11.4","","0.9","","6.2","","11.8","","0.0","","","M","","M","0.0","","","","34","","59",""
"-102.57","50.37","BROADVIEW","4010879","2013-05-11","2013","05","11","","11.1","","-3.7","","3.7","","14.3","","0.0","","","M","","M","0.0","","","","","","<31",""
"-102.57","50.37","BROADVIEW","4010879","2013-05-12","2013","05","12","","22.4","","-2.6","","9.9","","8.1","","0.0","","","M","","M","0.0","","","","15","","41",""
"-102.57","50.37","BROADVIEW","4010879","2013-05-13","2013","05","13","","27.8","","10.8","","19.3","","0.0","","1.3","","","M","","M","0.0","","","","25","","46",""
"-102.57","50.37","BROADVIEW","4010879","2013-05-14","2013","05","14","","22.0","","10.6","","16.3","","1.7","","0.0","","","M","","M","0.0","","","","28","","78",""
"-102.57","50.37","BROADVIEW","4010879","2013-05-15","2013","05","15","","22.0","","7.7","","14.9","","3.1","","0.0","","","M","","M","0.0","","","","33","","44",""
"-102.57","50.37","BROADVIEW","4010879","2013-05-16","2013","05","16","","23.5","","2.7","","13.1","","4.9","","0.0","","","M","","M","0.0","","","","13","","32",""
"-102.57","50.37","BROADVIEW","4010879","2013-05-17","2013","05","17","","20.6","","8.5","","14.6","","3.4","","0.0","","","M","","M","0.0","","","","","","<31",""
"-102.57","50.37","BROADVIEW","4010879","2013-05-18","2013","05","18","","21.3","","6.9","","14.1","","3.9","","0.0","","","M","","M","0.0","","","","6","","32",""
"-102.57","50.37","BROADVIEW","4010879","2013-05-19","2013","05","19","","18.9","","9.1","","14.0","","4.0","","0.0","","","M","","M","0.0","","","","5","","61",""
"-102.57","50.37","BROADVIEW","4010879","2013-05-20","2013","05","20","","20.3","","9.6","","15.0","","3.0","","0.0","","","M","","M","0.0","","","","6","","61",""
"-102.57","50.37","BROADVIEW","4010879","2013-05-21","2013","05","21","","20.4","","6.9","","13.7","","4.3","","0.0","","","M","","M","0.0","","","","5","","57",""
"-102.57","50.37","BROADVIEW","4010879","2013-05-22","2013","05","22","","22.0","","6.6","","14.3","","3.7","","0.0","","","M","","M","0.0","","","","7","","44",""
"-102.57","50.37","BROADVIEW","4010879","2013-05-23","2013","05","23","","19.7","","1.0","","10.4","","7.6","","0.0","","","M","","M","0.0","","","","12","","46",""
"-102.57","50.37","BROADVIEW","4010879","2013-05-24","2013","05","24","","17.2","","8.8","","13.0","","5.0","","0.0","","","M","","M","0.7","","","","12","","61",""
"-102.57","50.37","BROADVIEW","4010879","2013-05-25","2013","05","25","","17.2","","9.7","","13.5","","4.5","","0.0","","","M","","M","0.0","","","","11","","43",""
"-102.57","50.37","BROADVIEW","4010879","2013-05-26","2013","05","26","","18.0","","11.3","","14.7","","3.3","","0.0","","","M","","M","0.0","","","","13","","33",""
"-102.57","50.37","BROADVIEW","4010879","2013-05-27","2013","05","27","","13.2","","10.4","","11.8","","6.2","","0.0","","","M","","M","21.6","","","","","","<31",""
"-102.57","50.37","BROADVIEW","4010879","2013-05-28","2013","05","28","","15.7","","11.1","","13.4","","4.6","","0.0","","","M","","M","10.3","","","","","","<31",""
"-102.57","50.37","BROADVIEW","4010879","2013-05-29","2013","05","29","","18.7","","8.1","","13.4","","4.6","","0.0","","","M","","M","0.0","","","","8","","33",""
"-102.57","50.37","BROADVIEW","4010879","2013-05-30","2013","05","30","","13.1","","8.9","","11.0","","7.0","","0.0","","","M","","M","19.9","","","","6","","59",""
"-102.57","50.37","BROADVIEW","4010879","2013-05-31","2013","05","31","","18.9","","7.8","","13.4","","4.6","","0.0","","","M","","M","4.9","","","","5","","59",""
"-102.57","50.37","BROADVIEW","4010879","2013-06-01","2013","06","01","","17.0","","3.2","","10.1","","7.9","","0.0","","","M","","M","0.0","","","","35","","32",""
"-102.57","50.37","BROADVIEW","4010879","2013-06-02","2013","06","02","","16.7","","2.5","","9.6","","8.4","","0.0","","","M","","M","0.0","","","","","","<31",""
"-102.57","50.37","BROADVIEW","4010879","2013-06-03","2013","06","03","","16.3","","4.1","","10.2","","7.8","","0.0","","","M","","M","0.0","","","","11","","50",""
"-102.57","50.37","BROADVIEW","4010879","2013-06-04","2013","06","04","","20.1","","5.4","","12.8","","5.2","","0.0","","","M","","M","0.0","","","","7","","48",""
"-102.57","50.37","BROADVIEW","4010879","2013-06-05","2013","06","05","","22.2","","2.8","","12.5","","5.5","","0.0","","","M","","M","0.0","","","","","","<31",""
"-102.57","50.37","BROADVIEW","4010879","2013-06-06","2013","06","06","","22.7","","7.4","","15.1","","2.9","","0.0","","","M","","M","0.0","","","","23","","50",""
"-102.57","50.37","BROADVIEW","4010879","2013-06-07","2013","06","07","","22.7","","5.9","","14.3","","3.7","","0.0","","","M","","M","0.0","","","","","","<31",""
"-102.57","50.37","BROADVIEW","4010879","2013-06-08","2013","06","08","","17.6","","12.6","","15.1","","2.9","","0.0","","","M","","M","6.7","","","","16","","54",""
"-102.57","50.37","BROADVIEW","4010879","2013-06-09","2013","06","09","","21.6","","9.6","","15.6","","2.4","","0.0","","","M","","M","9.8","","","","24","","52",""
"-102.57","50.37","BROADVIEW","4010879","2013-06-10","2013","06","10","","20.8","","6.7","","13.8","","4.2","","0.0","","","M","","M","9.9","","","","34","","46",""
"-102.57","50.37","BROADVIEW","4010879","2013-06-11","2013","06","11","","20.0","","5.3","","12.7","","5.3","","0.0","","","M","","M","0.0","","","","32","","33",""
"-102.57","50.37","BROADVIEW","4010879","2013-06-12","2013","06","12","","21.7","","7.2","","14.5","","3.5","","0.0","","","M","","M","0.0","","","","","","<31",""
"-102.57","50.37","BROADVIEW","4010879","2013-06-13","2013","06","13","","24.6","","11.2","","17.9","","0.1","","0.0","","","M","","M","0.0","","","","17","","44",""
"-102.57","50.37","BROADVIEW","4010879","2013-06-14","2013","06","14","","21.8","","11.8","","16.8","","1.2","","0.0","","","M","","M","0.0","","","","24","","54",""
"-102.57","50.37","BROADVIEW","4010879","2013-06-15","2013","06","15","","18.7","","10.1","","14.4","","3.6","","0.0","","","M","","M","1.6","","","","26","","59",""
"-102.57","50.37","BROADVIEW","4010879","2013-06-16","2013","06","16","","17.7","","11.6","","14.7","","3.3","","0.0","","","M","","M","1.8","","","","1","","43",""
"-102.57","50.37","BROADVIEW","4010879","2013-06-17","2013","06","17","","19.2","","10.5","","14.9","","3.1","","0.0","","","M","","M","0.0","","","","","","<31",""
"-102.57","50.37","BROADVIEW","4010879","2013-06-18","2013","06","18","","24.2","","8.7","","16.5","","1.5","","0.0","","","M","","M","0.0","","","","","","<31",""
"-102.57","50.37","BROADVIEW","4010879","2013-06-19","2013","06","19","","25.7","","11.8","","18.8","","0.0","","0.8","","","M","","M","0.0","","","","8","","48",""
"-102.57","50.37","BROADVIEW","4010879","2013-06-20","2013","06","20","","20.0","","13.1","","16.6","","1.4","","0.0","","","M","","M","21.5","","","","9","","104",""
"-102.57","50.37","BROADVIEW","4010879","2013-06-21","2013","06","21","","21.1","","12.0","","16.6","","1.4","","0.0","","","M","","M","0.3","","","","","","<31",""
"-102.57","50.37","BROADVIEW","4010879","2013-06-22","2013","06","22","","20.8","","13.3","","17.1","","0.9","","0.0","","","M","","M","11.1","","","","7","","32",""
"-102.57","50.37","BROADVIEW","4010879","2013-06-23","2013","06","23","","18.7","","13.2","","16.0","","2.0","","0.0","","","M","","M","3.1","","","","","","<31",""
"-102.57","50.37","BROADVIEW","4010879","2013-06-24","2013","06","24","","25.5","","11.0","","18.3","","0.0","","0.3","","","M","","M","0.0","","","","","","<31",""
"-102.57","50.37","BROADVIEW","4010879","2013-06-25","2013","06","25","","20.0","","15.0","","17.5","","0.5","","0.0","","","M","","M","15.7","","","","8","","48",""
"-102.57","50.37","BROADVIEW","4010879","2013-06-26","2013","06","26","","24.7","","14.1","","19.4","","0.0","","1.4","","","M","","M","0.0","","","","25","","43",""
"-102.57","50.37","BROADVIEW","4010879","2013-06-27","2013","06","27","","25.0","","14.1","","19.6","","0.0","","1.6","","","M","","M","0.0","","","","32","","43",""
"-102.57","50.37","BROADVIEW","4010879","2013-06-28","2013","06","28","","25.5","","14.1","","19.8","","0.0","","1.8","","","M","","M","0.0","","","","33","","41",""
"-102.57","50.37","BROADVIEW","4010879","2013-06-29","2013","06","29","","23.6","","13.8","","18.7","","0.0","","0.7","","","M","","M","","M","","","","","<31",""
"-102.57","50.37","BROADVIEW","4010879","2013-06-30","2013","06","30","","24.8","","12.7","","18.8","","0.0","","0.8","","","M","","M","0.0","","","","","","<31",""
"-102.57","50.37","BROADVIEW","4010879","2013-07-01","2013","07","01","","27.3","","12.8","","20.1","","0.0","","2.1","","","M","","M","0.0","","","","","","<31",""
"-102.57","50.37","BROADVIEW","4010879","2013-07-02","2013","07","02","","29.1","","16.2","","22.7","","0.0","","4.7","","","M","","M","0.0","","","","","","<31",""
"-102.57","50.37","BROADVIEW","4010879","2013-07-03","2013","07","03","","29.2","","13.9","","21.6","","0.0","","3.6","","","M","","M","","M","","","18","E","41","E"
"-102.57","50.37","BROADVIEW","4010879","2013-07-04","2013","07","04","","25.9","","13.6","","19.8","","0.0","","1.8","","","M","","M","0.0","","","","33","","35",""
"-102.57","50.37","BROADVIEW","4010879","2013-07-05","2013","07","05","","24.7","","12.2","","18.5","","0.0","","0.5","","","M","","M","0.0","","","","","","<31",""
"-102.57","50.37","BROADVIEW","4010879","2013-07-06","2013","07","06","","25.9","","15.8","","20.9","","0.0","","2.9","","","M","","M","0.0","","","","22","","50",""
"-102.57","50.37","BROADVIEW","4010879","2013-07-07","2013","07","07","","23.8","","12.9","","18.4","","0.0","","0.4","","","M","","M","0.0","","","","29","","41",""
"-102.57","50.37","BROADVIEW","4010879","2013-07-08","2013","07","08","","22.7","","14.1","","18.4","","0.0","","0.4","","","M","","M","8.7","","","","28","","39",""
"-102.57","50.37","BROADVIEW","4010879","2013-07-09","2013","07","09","","20.7","","12.2","","16.5","","1.5","","0.0","","","M","","M","0.0","","","","","","<31",""
"-102.57","50.37","BROADVIEW","4010879","2013-07-10","2013","07","10","","26.6","","13.0","","19.8","","0.0","","1.8","","","M","","M","0.0","","","","","","<31",""
"-102.57","50.37","BROADVIEW","4010879","2013-07-11","2013","07","11","","29.3","","12.8","","21.1","","0.0","","3.1","","","M","","M","0.0","","","","18","","35",""
"-102.57","50.37","BROADVIEW","4010879","2013-07-12","2013","07","12","","27.0","","13.9","","20.5","","0.0","","2.5","","","M","","M","0.0","","","","31","","35",""
"-102.57","50.37","BROADVIEW","4010879","2013-07-13","2013","07","13","","23.9","","11.1","","17.5","","0.5","","0.0","","","M","","M","5.3","","","","1","","57",""
"-102.57","50.37","BROADVIEW","4010879","2013-07-14","2013","07","14","","20.6","","9.7","","15.2","","2.8","","0.0","","","M","","M","0.0","","","","","","<31",""
"-102.57","50.37","BROADVIEW","4010879","2013-07-15","2013","07","15","","24.8","","9.3","","17.1","","0.9","","0.0","","","M","","M","15.6","","","","25","","56",""
"-102.57","50.37","BROADVIEW","4010879","2013-07-16","2013","07","16","","22.1","","10.8","","16.5","","1.5","","0.0","","","M","","M","0.0","","","","34","","35",""
"-102.57","50.37","BROADVIEW","4010879","2013-07-17","2013","07","17","","23.0","","8.1","","15.6","","2.4","","0.0","","","M","","M","0.0","","","","","","<31",""
"-102.57","50.37","BROADVIEW","4010879","2013-07-18","2013","07","18","","25.5","","13.8","","19.7","","0.0","","1.7","","","M","","M","0.3","","","","33","","65",""
"-102.57","50.37","BROADVIEW","4010879","2013-07-19","2013","07","19","","23.2","","12.5","","17.9","","0.1","","0.0","","","M","","M","3.2","","","","35","","61",""
"-102.57","50.37","BROADVIEW","4010879","2013-07-20","2013","07","20","","17.6","","10.1","","13.9","","4.1","","0.0","","","M","","M","0.0","","","","","","<31",""
"-102.57","50.37","BROADVIEW","4010879","2013-07-21","2013","07","21","","22.7","","13.7","","18.2","","0.0","","0.2","","","M","","M","8.0","","","","32","","50",""
"-102.57","50.37","BROADVIEW","4010879","2013-07-22","2013","07","22","","19.4","","12.3","","15.9","","2.1","","0.0","","","M","","M","0.0","","","","33","","32",""
"-102.57","50.37","BROADVIEW","4010879","2013-07-23","2013","07","23","","22.4","","8.7","","15.6","","2.4","","0.0","","","M","","M","0.0","","","","","","<31",""
"-102.57","50.37","BROADVIEW","4010879","2013-07-24","2013","07","24","","21.9","","12.8","","17.4","","0.6","","0.0","","","M","","M","0.0","","","","31","","32",""
"-102.57","50.37","BROADVIEW","4010879","2013-07-25","2013","07","25","","16.5","","9.4","","13.0","","5.0","","0.0","","","M","","M","0.5","","","","36","","44",""
"-102.57","50.37","BROADVIEW","4010879","2013-07-26","2013","07","26","","18.7","","5.2","","12.0","","6.0","","0.0","","","M","","M","0.0","","","","","","<31",""
"-102.57","50.37","BROADVIEW","4010879","2013-07-27","2013","07","27","","19.7","","3.9","","11.8","","6.2","","0.0","","","M","","M","0.0","","","","","","<31",""
"-102.57","50.37","BROADVIEW","4010879","2013-07-28","2013","07","28","","20.9","","7.7","","14.3","","3.7","","0.0","","","M","","M","0.0","","","","18","","32",""
"-102.57","50.37","BROADVIEW","4010879","2013-07-29","2013","07","29","","22.4","","10.7","","16.6","","1.4","","0.0","","","M","","M","0.0","","","","31","","32",""
"-102.57","50.37","BROADVIEW","4010879","2013-07-30","2013","07","30","","19.7","","9.1","","14.4","","3.6","","0.0","","","M","","M","1.0","","","","33","","43",""
"-102.57","50.37","BROADVIEW","4010879","2013-07-31","2013","07","31","","21.1","","8.8","","15.0","","3.0","","0.0","","","M","","M","0.0","","","","31","","39",""
"-102.57","50.37","BROADVIEW","4010879","2013-08-01","2013","08","01","","22.5","","7.7","","15.1","","2.9","","0.0","","","M","","M","1.9","","","","31","","33",""
"-102.57","50.37","BROADVIEW","4010879","2013-08-02","2013","08","02","","20.1","","6.5","","13.3","","4.7","","0.0","","","M","","M","0.0","","","","","","<31",""
"-102.57","50.37","BROADVIEW","4010879","2013-08-03","2013","08","03","","22.0","","4.3","","13.2","","4.8","","0.0","","","M","","M","0.0","","","","","","<31",""
"-102.57","50.37","BROADVIEW","4010879","2013-08-04","2013","08","04","","17.1","","6.8","","12.0","","6.0","","0.0","","","M","","M","0.0","","","","15","","32",""
"-102.57","50.37","BROADVIEW","4010879","2013-08-05","2013","08","05","","23.6","","4.3","","14.0","","4.0","","0.0","","","M","","M","0.9","","","","","","<31",""
"-102.57","50.37","BROADVIEW","4010879","2013-08-06","2013","08","06","","19.1","","9.7","","14.4","","3.6","","0.0","","","M","","M","0.3","","","","","","<31",""
"-102.57","50.37","BROADVIEW","4010879","2013-08-07","2013","08","07","","18.5","","7.1","","12.8","","5.2","","0.0","","","M","","M","0.0","","","","","","<31",""
"-102.57","50.37","BROADVIEW","4010879","2013-08-08","2013","08","08","","17.7","","9.2","","13.5","","4.5","","0.0","","","M","","M","0.0","","","","33","","33",""
"-102.57","50.37","BROADVIEW","4010879","2013-08-09","2013","08","09","","20.1","","7.5","","13.8","","4.2","","0.0","","","M","","M","0.0","","","","","","<31",""
"-102.57","50.37","BROADVIEW","4010879","2013-08-10","2013","08","10","","19.4","","7.4","","13.4","","4.6","","0.0","","","M","","M","3.8","","","","","","<31",""
"-102.57","50.37","BROADVIEW","4010879","2013-08-11","2013","08","11","","23.3","","4.8","","14.1","","3.9","","0.0","","","M","","M","0.0","","","","","","<31",""
"-102.57","50.37","BROADVIEW","4010879","2013-08-12","2013","08","12","","24.7","","6.7","","15.7","","2.3","","0.0","","","M","","M","0.0","","","","","","<31",""
"-102.57","50.37","BROADVIEW","4010879","2013-08-13","2013","08","13","","24.0","","7.9","","16.0","","2.0","","0.0","","","M","","M","0.0","","","","","","<31",""
"-102.57","50.37","BROADVIEW","4010879","2013-08-14","2013","08","14","","25.1","","10.0","","17.6","","0.4","","0.0","","","M","","M","0.0","","","","","","<31",""
"-102.57","50.37","BROADVIEW","4010879","2013-08-15","2013","08","15","","27.2","","8.3","","17.8","","0.2","","0.0","","","M","","M","0.0","","","","","","<31",""
"-102.57","50.37","BROADVIEW","4010879","2013-08-16","2013","08","16","","30.8","","13.3","","22.1","","0.0","","4.1","","","M","","M","0.0","","","","23","","43",""
"-102.57","50.37","BROADVIEW","4010879","2013-08-17","2013","08","17","","26.7","","14.1","","20.4","","0.0","","2.4","","","M","","M","0.0","","","","22","","37",""
"-102.57","50.37","BROADVIEW","4010879","2013-08-18","2013","08","18","","27.3","","11.6","","19.5","","0.0","","1.5","","","M","","M","0.0","","","","","","<31",""
"-102.57","50.37","BROADVIEW","4010879","2013-08-19","2013","08","19","","30.2","","13.6","","21.9","","0.0","","3.9","","","M","","M","0.0","","","","26","","33",""
"-102.57","50.37","BROADVIEW","4010879","2013-08-20","2013","08","20","","24.6","","11.2","","17.9","","0.1","","0.0","","","M","","M","0.0","","","","5","","32",""
"-102.57","50.37","BROADVIEW","4010879","2013-08-21","2013","08","21","","22.6","","6.0","","14.3","","3.7","","0.0","","","M","","M","0.3","","","","32","","46",""
"-102.57","50.37","BROADVIEW","4010879","2013-08-22","2013","08","22","","25.4","","3.0","","14.2","","3.8","","0.0","","","M","","M","0.0","","","","","","<31",""
"-102.57","50.37","BROADVIEW","4010879","2013-08-23","2013","08","23","","28.0","","9.5","","18.8","","0.0","","0.8","","","M","","M","0.0","","","","","","<31",""
"-102.57","50.37","BROADVIEW","4010879","2013-08-24","2013","08","24","","30.0","","13.7","","21.9","","0.0","","3.9","","","M","","M","0.0","","","","22","","32",""
"-102.57","50.37","BROADVIEW","4010879","2013-08-25","2013","08","25","","32.1","","9.8","","21.0","","0.0","","3.0","","","M","","M","0.0","","","","","","<31",""
"-102.57","50.37","BROADVIEW","4010879","2013-08-26","2013","08","26","","31.3","","13.6","","22.5","","0.0","","4.5","","","M","","M","0.0","","","","","","<31",""
"-102.57","50.37","BROADVIEW","4010879","2013-08-27","2013","08","27","","31.4","","13.1","","22.3","","0.0","","4.3","","","M","","M","0.0","","","","","","<31",""
"-102.57","50.37","BROADVIEW","4010879","2013-08-28","2013","08","28","","32.2","","11.9","","22.1","","0.0","","4.1","","","M","","M","0.0","","","","20","","32",""
"-102.57","50.37","BROADVIEW","4010879","2013-08-29","2013","08","29","","29.3","","15.5","","22.4","","0.0","","4.4","","","M","","M","0.0","","","","","","<31",""
"-102.57","50.37","BROADVIEW","4010879","2013-08-30","2013","08","30","","31.2","","14.5","","22.9","","0.0","","4.9","","","M","","M","0.0","","","","24","","41",""
"-102.57","50.37","BROADVIEW","4010879","2013-08-31","2013","08","31","","21.2","","9.3","","15.3","","2.7","","0.0","","","M","","M","0.3","","","","33","","48",""
"-102.57","50.37","BROADVIEW","4010879","2013-09-01","2013","09","01","","19.3","","8.9","","14.1","","3.9","","0.0","","","M","","M","0.0","","","","","","<31",""
"-102.57","50.37","BROADVIEW","4010879","2013-09-02","2013","09","02","","28.3","","7.0","","17.7","","0.3","","0.0","","","M","","M","0.0","","","","","","<31",""
"-102.57","50.37","BROADVIEW","4010879","2013-09-03","2013","09","03","","22.1","","12.6","","17.4","","0.6","","0.0","","","M","","M","0.0","","","","","","<31",""
"-102.57","50.37","BROADVIEW","4010879","2013-09-04","2013","09","04","","22.5","","9.2","","15.9","","2.1","","0.0","","","M","","M","0.0","","","","","","<31",""
"-102.57","50.37","BROADVIEW","4010879","2013-09-05","2013","09","05","","31.7","","11.6","","21.7","","0.0","","3.7","","","M","","M","0.0","","","","","","<31",""
"-102.57","50.37","BROADVIEW","4010879","2013-09-06","2013","09","06","","27.1","","15.2","","21.2","","0.0","","3.2","","","M","","M","0.0","","","","","","<31",""
"-102.57","50.37","BROADVIEW","4010879","2013-09-07","2013","09","07","","23.0","","12.0","","17.5","","0.5","","0.0","","","M","","M","0.0","","","","6","","43",""
"-102.57","50.37","BROADVIEW","4010879","2013-09-08","2013","09","08","","19.3","","12.3","","15.8","","2.2","","0.0","","","M","","M","0.0","","","","","","<31",""
"-102.57","50.37","BROADVIEW","4010879","2013-09-09","2013","09","09","","21.0","","10.3","","15.7","","2.3","","0.0","","","M","","M","0.0","","","","","","<31",""
"-102.57","50.37","BROADVIEW","4010879","2013-09-10","2013","09","10","","24.5","","9.5","","17.0","","1.0","","0.0","","","M","","M","0.0","","","","32","","41",""
"-102.57","50.37","BROADVIEW","4010879","2013-09-11","2013","09","11","","21.7","","5.0","","13.4","","4.6","","0.0","","","M","","M","0.0","","","","33","","43",""
"-102.57","50.37","BROADVIEW","4010879","2013-09-12","2013","09","12","","23.4","","1.5","","12.5","","5.5","","0.0","","","M","","M","0.0","","","","","","<31",""
"-102.57","50.37","BROADVIEW","4010879","2013-09-13","2013","09","13","","28.5","","4.8","","16.7","","1.3","","0.0","","","M","","M","0.0","","","","22","","39",""
"-102.57","50.37","BROADVIEW","4010879","2013-09-14","2013","09","14","","21.1","","4.4","","12.8","","5.2","","0.0","","","M","","M","0.0","","","","35","","39",""
"-102.57","50.37","BROADVIEW","4010879","2013-09-15","2013","09","15","","18.1","","-1.9","","8.1","","9.9","","0.0","","","M","","M","0.0","","","","","","<31",""
"-102.57","50.37","BROADVIEW","4010879","2013-09-16","2013","09","16","","22.8","","4.4","","13.6","","4.4","","0.0","","","M","","M","0.0","","","","16","","48",""
"-102.57","50.37","BROADVIEW","4010879","2013-09-17","2013","09","17","","","M","11.9","E","","M","","M","","M","","M","","M","","M","","","","","<31",""
"-102.57","50.37","BROADVIEW","4010879","2013-09-18","2013","09","18","","15.4","","11.1","","13.3","","4.7","","0.0","","","M","","M","7.7","","","","","","<31",""
"-102.57","50.37","BROADVIEW","4010879","2013-09-19","2013","09","19","","11.2","","4.5","","7.9","","10.1","","0.0","","","M","","M","15.5","","","","33","","41",""
"-102.57","50.37","BROADVIEW","4010879","2013-09-20","2013","09","20","","15.0","","1.2","","8.1","","9.9","","0.0","","","M","","M","0.0","","","","","","<31",""
"-102.57","50.37","BROADVIEW","4010879","2013-09-21","2013","09","21","","19.0","","2.3","","10.7","","7.3","","0.0","","","M","","M","0.0","","","","15","","44",""
"-102.57","50.37","BROADVIEW","4010879","2013-09-22","2013","09","22","","20.0","","6.3","","13.2","","4.8","","0.0","","","M","","M","0.0","","","","14","","32",""
"-102.57","50.37","BROADVIEW","4010879","2013-09-23","2013","09","23","","18.5","","8.5","","13.5","","4.5","","0.0","","","M","","M","0.0","","","","","","<31",""
"-102.57","50.37","BROADVIEW","4010879","2013-09-24","2013","09","24","","20.7","","5.8","","13.3","","4.7","","0.0","","","M","","M","0.0","","","","24","","35",""
"-102.57","50.37","BROADVIEW","4010879","2013-09-25","2013","09","25","","21.0","","9.2","","15.1","","2.9","","0.0","","","M","","M","1.1","","","","16","","44",""
"-102.57","50.37","BROADVIEW","4010879","2013-09-26","2013","09","26","","14.2","","8.9","","11.6","","6.4","","0.0","","","M","","M","8.4","","","","22","","46",""
"-102.57","50.37","BROADVIEW","4010879","2013-09-27","2013","09","27","","11.4","","5.6","","8.5","","9.5","","0.0","","","M","","M","0.0","","","","27","","32",""
"-102.57","50.37","BROADVIEW","4010879","2013-09-28","2013","09","28","","16.8","","-0.3","","8.3","","9.7","","0.0","","","M","","M","0.0","","","","26","","33",""
"-102.57","50.37","BROADVIEW","4010879","2013-09-29","2013","09","29","","23.5","","1.4","","12.5","","5.5","","0.0","","","M","","M","0.0","","","","22","","44",""
"-102.57","50.37","BROADVIEW","4010879","2013-09-30","2013","09","30","","19.2","","5.6","","12.4","","5.6","","0.0","","","M","","M","0.0","","","","24","","50",""
"-102.57","50.37","BROADVIEW","4010879","2013-10-01","2013","10","01","","15.9","","5.0","","10.5","","7.5","","0.0","","","M","","M","0.0","","","","28","","59",""
"-102.57","50.37","BROADVIEW","4010879","2013-10-02","2013","10","02","","14.7","","-1.6","","6.6","","11.4","","0.0","","","M","","M","0.0","","","","30","","35",""
"-102.57","50.37","BROADVIEW","4010879","2013-10-03","2013","10","03","","6.5","","-3.4","","1.6","","16.4","","0.0","","","M","","M","0.0","","","","","","<31",""
"-102.57","50.37","BROADVIEW","4010879","2013-10-04","2013","10","04","","8.5","","-4.2","","2.2","","15.8","","0.0","","","M","","M","0.0","","","","36","","32",""
"-102.57","50.37","BROADVIEW","4010879","2013-10-05","2013","10","05","","10.3","","-8.7","","0.8","","17.2","","0.0","","","M","","M","0.0","","","","","","<31",""
"-102.57","50.37","BROADVIEW","4010879","2013-10-06","2013","10","06","","17.2","","-1.8","","7.7","","10.3","","0.0","","","M","","M","0.0","","","","32","","39",""
"-102.57","50.37","BROADVIEW","4010879","2013-10-07","2013","10","07","","20.2","","2.2","","11.2","","6.8","","0.0","","","M","","M","0.0","","","","16","","43",""
"-102.57","50.37","BROADVIEW","4010879","2013-10-08","2013","10","08","","17.1","","1.0","","9.1","","8.9","","0.0","","","M","","M","0.0","","","","25","","35",""
"-102.57","50.37","BROADVIEW","4010879","2013-10-09","2013","10","09","","12.7","","-1.8","","5.5","","12.5","","0.0","","","M","","M","0.0","","","","30","","32",""
"-102.57","50.37","BROADVIEW","4010879","2013-10-10","2013","10","10","","17.8","","-1.7","","8.1","","9.9","","0.0","","","M","","M","0.0","","","","15","","39",""
"-102.57","50.37","BROADVIEW","4010879","2013-10-11","2013","10","11","","7.7","","3.9","","5.8","","12.2","","0.0","","","M","","M","31.9","","","","33","","56",""
"-102.57","50.37","BROADVIEW","4010879","2013-10-12","2013","10","12","","9.6","","0.3","","5.0","","13.0","","0.0","","","M","","M","0.0","","","","32","","54",""
"-102.57","50.37","BROADVIEW","4010879","2013-10-13","2013","10","13","","10.0","","-5.4","","2.3","","15.7","","0.0","","","M","","M","0.0","","","","","","<31",""
"-102.57","50.37","BROADVIEW","4010879","2013-10-14","2013","10","14","","10.6","","-4.9","","2.9","","15.1","","0.0","","","M","","M","0.0","","","","","","<31",""
"-102.57","50.37","BROADVIEW","4010879","2013-10-15","2013","10","15","","12.1","","-7.2","","2.5","","15.5","","0.0","","","M","","M","0.0","","","","26","","32",""
"-102.57","50.37","BROADVIEW","4010879","2013-10-16","2013","10","16","","11.4","","1.3","","6.4","","11.6","","0.0","","","M","","M","0.0","","","","34","","41",""
"-102.57","50.37","BROADVIEW","4010879","2013-10-17","2013","10","17","","7.7","","-3.0","","2.4","","15.6","","0.0","","","M","","M","0.0","","","","29","","43",""
"-102.57","50.37","BROADVIEW","4010879","2013-10-18","2013","10","18","","7.2","","-1.6","","2.8","","15.2","","0.0","","","M","","M","0.0","","","","31","","39",""
"-102.57","50.37","BROADVIEW","4010879","2013-10-19","2013","10","19","","4.4","","-3.1","","0.7","","17.3","","0.0","","","M","","M","2.9","","","","","","<31",""
"-102.57","50.37","BROADVIEW","4010879","2013-10-20","2013","10","20","","1.1","","-6.2","","-2.6","","20.6","","0.0","","","M","","M","0.0","","","","34","","35",""
"-102.57","50.37","BROADVIEW","4010879","2013-10-21","2013","10","21","","0.8","","-6.3","","-2.8","","20.8","","0.0","","","M","","M","0.9","","","","","","<31",""
"-102.57","50.37","BROADVIEW","4010879","2013-10-22","2013","10","22","","-0.9","","-11.1","","-6.0","","24.0","","0.0","","","M","","M","0.0","","","","","","<31",""
"-102.57","50.37","BROADVIEW","4010879","2013-10-23","2013","10","23","","4.9","","-3.0","","1.0","","17.0","","0.0","","","M","","M","0.0","","","","","","<31",""
"-102.57","50.37","BROADVIEW","4010879","2013-10-24","2013","10","24","","3.6","","-3.2","","0.2","","17.8","","0.0","","","M","","M","0.0","","","","21","","44",""
"-102.57","50.37","BROADVIEW","4010879","2013-10-25","2013","10","25","","9.4","","0.9","","5.2","","12.8","","0.0","","","M","","M","0.0","","","","31","","61",""
"-102.57","50.37","BROADVIEW","4010879","2013-10-26","2013","10","26","","7.7","","-4.8","","1.5","","16.5","","0.0","","","M","","M","0.0","","","","23","","43",""
"-102.57","50.37","BROADVIEW","4010879","2013-10-27","2013","10","27","","2.9","","-7.0","","-2.1","","20.1","","0.0","","","M","","M","0.0","","","","4","","39",""
"-102.57","50.37","BROADVIEW","4010879","2013-10-28","2013","10","28","","-3.1","","-13.9","","-8.5","","26.5","","0.0","","","M","","M","0.0","","","","","","<31",""
"-102.57","50.37","BROADVIEW","4010879","2013-10-29","2013","10","29","","2.3","","-15.1","","-6.4","","24.4","","0.0","","","M","","M","0.0","","","","","","<31",""
"-102.57","50.37","BROADVIEW","4010879","2013-10-30","2013","10","30","","7.6","","-5.7","","1.0","","17.0","","0.0","","","M","","M","0.0","","","","23","","43",""
"-102.57","50.37","BROADVIEW","4010879","2013-10-31","2013","10","31","","9.8","","-1.2","","4.3","","13.7","","0.0","","","M","","M","0.0","","","","","","<31",""
"-102.57","50.37","BROADVIEW","4010879","2013-11-01","2013","11","01","","6.1","","-4.2","","1.0","","17.0","","0.0","","","M","","M","0.0","","","","30","","33",""
"-102.57","50.37","BROADVIEW","4010879","2013-11-02","2013","11","02","","11.4","","-6.9","","2.3","","15.7","","0.0","","","M","","M","0.0","","","","","","<31",""
"-102.57","50.37","BROADVIEW","4010879","2013-11-03","2013","11","03","","6.1","","-1.0","","2.6","","15.4","","0.0","","","M","","M","0.7","","","","11","","46",""
"-102.57","50.37","BROADVIEW","4010879","2013-11-04","2013","11","04","","1.5","","-7.0","","-2.8","","20.8","","0.0","","","M","","M","0.0","","","","27","","57",""
"-102.57","50.37","BROADVIEW","4010879","2013-11-05","2013","11","05","","-4.9","","-12.7","","-8.8","","26.8","","0.0","","","M","","M","0.0","","","","28","","37",""
"-102.57","50.37","BROADVIEW","4010879","2013-11-06","2013","11","06","","-6.2","","-14.1","","-10.2","","28.2","","0.0","","","M","","M","0.0","","","","","","<31",""
"-102.57","50.37","BROADVIEW","4010879","2013-11-07","2013","11","07","","4.9","","-6.9","","-1.0","","19.0","","0.0","","","M","","M","0.0","","","","","","<31",""
"-102.57","50.37","BROADVIEW","4010879","2013-11-08","2013","11","08","","1.4","","-3.5","","-1.1","","19.1","","0.0","","0.0","","","M","1.5","","","","28","","43",""
"-102.57","50.37","BROADVIEW","4010879","2013-11-09","2013","11","09","","-1.0","","-7.5","","-4.3","","22.3","","0.0","","","M","","M","0.0","","1","","31","","50",""
"-102.57","50.37","BROADVIEW","4010879","2013-11-10","2013","11","10","","-0.8","","-18.5","","-9.7","","27.7","","0.0","","","M","","M","0.0","","1","","35","","46",""
"-102.57","50.37","BROADVIEW","4010879","2013-11-11","2013","11","11","","-7.3","","-22.7","","-15.0","","33.0","","0.0","","","M","","M","0.0","","","","","","<31",""
"-102.57","50.37","BROADVIEW","4010879","2013-11-12","2013","11","12","","6.9","","-9.6","","-1.4","","19.4","","0.0","","","M","","M","0.0","","","","23","","37",""
"-102.57","50.37","BROADVIEW","4010879","2013-11-13","2013","11","13","","10.4","","1.7","","6.1","","11.9","","0.0","","","M","","M","1.4","","","","31","","43",""
"-102.57","50.37","BROADVIEW","4010879","2013-11-14","2013","11","14","","2.1","","-2.2","","-0.1","","18.1","","0.0","","","M","","M","0.9","","","","32","","35",""
"-102.57","50.37","BROADVIEW","4010879","2013-11-15","2013","11","15","","6.6","","-1.1","","2.8","","15.2","","0.0","","","M","","M","1.9","","","","22","","43",""
"-102.57","50.37","BROADVIEW","4010879","2013-11-16","2013","11","16","","0.0","","-6.2","","-3.1","","21.1","","0.0","","0.0","","","M","3.6","","1","","5","","43",""
"-102.57","50.37","BROADVIEW","4010879","2013-11-17","2013","11","17","","-6.1","","-9.8","","-8.0","","26.0","","0.0","","0.0","","","M","0.8","","8","","","","<31",""
"-102.57","50.37","BROADVIEW","4010879","2013-11-18","2013","11","18","","-4.8","","-16.1","","-10.5","","28.5","","0.0","","","M","","M","0.0","","9","","14","","33",""
"-102.57","50.37","BROADVIEW","4010879","2013-11-19","2013","11","19","","2.0","","-10.3","","-4.2","","22.2","","0.0","","","M","","M","0.0","","8","","30","","43",""
"-102.57","50.37","BROADVIEW","4010879","2013-11-20","2013","11","20","","-10.2","","-22.4","","-16.3","","34.3","","0.0","","","M","","M","0.0","","8","","31","","33",""
"-102.57","50.37","BROADVIEW","4010879","2013-11-21","2013","11","21","","-9.7","","-29.3","","-19.5","","37.5","","0.0","","","M","","M","0.0","","10","","22","","43",""
"-102.57","50.37","BROADVIEW","4010879","2013-11-22","2013","11","22","","-11.3","","-31.4","","-21.4","","39.4","","0.0","","","M","","M","0.0","","10","","31","","35",""
"-102.57","50.37","BROADVIEW","4010879","2013-11-23","2013","11","23","","-4.9","","-32.4","","-18.7","","36.7","","0.0","","","M","","M","0.0","","10","","19","","32",""
"-102.57","50.37","BROADVIEW","4010879","2013-11-24","2013","11","24","","2.6","","-5.0","","-1.2","","19.2","","0.0","","","M","","M","0.0","","10","","29","","48",""
"-102.57","50.37","BROADVIEW","4010879","2013-11-25","2013","11","25","","-0.8","","-13.9","","-7.4","","25.4","","0.0","","","M","","M","0.0","","10","","33","","69",""
"-102.57","50.37","BROADVIEW","4010879","2013-11-26","2013","11","26","","-8.3","","-18.4","","-13.4","","31.4","","0.0","","","M","","M","0.0","","9","","","","<31",""
"-102.57","50.37","BROADVIEW","4010879","2013-11-27","2013","11","27","","-5.3","","-10.3","","-7.8","","25.8","","0.0","","","M","","M","0.0","","9","","32","","41",""
"-102.57","50.37","BROADVIEW","4010879","2013-11-28","2013","11","28","","-8.8","","-14.3","","-11.6","","29.6","","0.0","","","M","","M","0.0","","9","","15","","33",""
"-102.57","50.37","BROADVIEW","4010879","2013-11-29","2013","11","29","","-4.5","","-9.4","","-7.0","","25.0","","0.0","","","M","","M","0.0","","9","","15","","39",""
"-102.57","50.37","BROADVIEW","4010879","2013-11-30","2013","11","30","","-5.4","","-14.2","","-9.8","","27.8","","0.0","","","M","","M","0.0","","","","","","<31",""
"-102.57","50.37","BROADVIEW","4010879","2013-12-01","2013","12","01","","-6.0","","-12.6","","-9.3","","27.3","","0.0","","","M","","M","0.6","","","","12","","41",""
"-102.57","50.37","BROADVIEW","4010879","2013-12-02","2013","12","02","","-7.2","","-12.5","","-9.9","","27.9","","0.0","","","M","","M","0.0","","","","6","","39",""
"-102.57","50.37","BROADVIEW","4010879","2013-12-03","2013","12","03","","-12.5","","-18.5","","-15.5","","33.5","","0.0","","","M","","M","0.0","","9","","","","<31",""
"-102.57","50.37","BROADVIEW","4010879","2013-12-04","2013","12","04","","-16.2","","-24.0","","-20.1","","38.1","","0.0","","","M","","M","0.0","","9","","33","","32",""
"-102.57","50.37","BROADVIEW","4010879","2013-12-05","2013","12","05","","-20.7","","-27.2","","-24.0","","42.0","","0.0","","","M","","M","0.0","","9","","32","","37",""
"-102.57","50.37","BROADVIEW","4010879","2013-12-06","2013","12","06","","-25.4","","-29.2","","-27.3","","45.3","","0.0","","","M","","M","0.0","","9","","","","<31",""
"-102.57","50.37","BROADVIEW","4010879","2013-12-07","2013","12","07","","-26.1","","-29.8","","-28.0","","46.0","","0.0","","","M","","M","0.0","","9","","","","<31",""
"-102.57","50.37","BROADVIEW","4010879","2013-12-08","2013","12","08","","-21.7","","-27.3","","-24.5","","42.5","","0.0","","","M","","M","0.0","","9","","22","","39",""
"-102.57","50.37","BROADVIEW","4010879","2013-12-09","2013","12","09","","-19.7","","-31.4","","-25.6","","43.6","","0.0","","","M","","M","0.0","","9","","","","<31",""
"-102.57","50.37","BROADVIEW","4010879","2013-12-10","2013","12","10","","-17.8","","-28.0","","-22.9","","40.9","","0.0","","","M","","M","0.4","","9","","33","","37",""
"-102.57","50.37","BROADVIEW","4010879","2013-12-11","2013","12","11","","-17.7","","-33.1","","-25.4","","43.4","","0.0","","","M","","M","0.0","","9","","","","<31",""
"-102.57","50.37","BROADVIEW","4010879","2013-12-12","2013","12","12","","-16.6","","-20.7","","-18.7","","36.7","","0.0","","","M","","M","2.4","","9","","","","<31",""
"-102.57","50.37","BROADVIEW","4010879","2013-12-13","2013","12","13","","-20.0","","-22.8","","-21.4","","39.4","","0.0","","","M","","M","1.6","","11","","10","","33",""
"-102.57","50.37","BROADVIEW","4010879","2013-12-14","2013","12","14","","-19.5","","-23.5","","-21.5","","39.5","","0.0","","","M","","M","0.9","","12","","","","<31",""
"-102.57","50.37","BROADVIEW","4010879","2013-12-15","2013","12","15","","-1.1","","-20.6","","-10.9","","28.9","","0.0","","","M","","M","1.8","","11","","28","","41",""
"-102.57","50.37","BROADVIEW","4010879","2013-12-16","2013","12","16","","-1.2","","-5.7","","-3.5","","21.5","","0.0","","","M","","M","0.0","","10","","29","","50",""
"-102.57","50.37","BROADVIEW","4010879","2013-12-17","2013","12","17","","-5.7","","-15.0","","-10.4","","28.4","","0.0","","","M","","M","0.0","","10","","30","","52",""
"-102.57","50.37","BROADVIEW","4010879","2013-12-18","2013","12","18","","-4.0","","-26.9","","-15.5","","33.5","","0.0","","","M","","M","4.8","","10","","35","","44",""
"-102.57","50.37","BROADVIEW","4010879","2013-12-19","2013","12","19","","-21.9","","-30.7","","-26.3","","44.3","","0.0","","","M","","M","0.0","","12","","","","<31",""
"-102.57","50.37","BROADVIEW","4010879","2013-12-20","2013","12","20","","-19.3","","-33.5","","-26.4","","44.4","","0.0","","","M","","M","0.0","","12","","","","<31",""
"-102.57","50.37","BROADVIEW","4010879","2013-12-21","2013","12","21","","-23.8","","-34.3","","-29.1","","47.1","","0.0","","","M","","M","0.6","","12","","","","<31",""
"-102.57","50.37","BROADVIEW","4010879","2013-12-22","2013","12","22","","-24.4","","-37.6","","-31.0","","49.0","","0.0","","","M","","M","0.4","","12","","","","<31",""
"-102.57","50.37","BROADVIEW","4010879","2013-12-23","2013","12","23","","-11.9","","-39.7","","-25.8","","43.8","","0.0","","","M","","M","0.2","","12","","19","","41",""
"-102.57","50.37","BROADVIEW","4010879","2013-12-24","2013","12","24","","-4.0","","-13.3","","-8.7","","26.7","","0.0","","","M","","M","0.0","","12","","31","","46",""
"-102.57","50.37","BROADVIEW","4010879","2013-12-25","2013","12","25","","-4.7","","-11.0","","-7.9","","25.9","","0.0","","","M","","M","0.7","","14","","","","<31",""
"-102.57","50.37","BROADVIEW","4010879","2013-12-26","2013","12","26","","-1.1","","-7.9","","-4.5","","22.5","","0.0","","","M","","M","0.7","","16","","22","","37",""
"-102.57","50.37","BROADVIEW","4010879","2013-12-27","2013","12","27","","1.7","","-9.6","","-4.0","","22.0","","0.0","","","M","","M","0.0","","15","","9","","46",""
"-102.57","50.37","BROADVIEW","4010879","2013-12-28","2013","12","28","","-9.6","","-27.4","","-18.5","","36.5","","0.0","","","M","","M","2.0","","15","","36","","44",""
"-102.57","50.37","BROADVIEW","4010879","2013-12-29","2013","12","29","","-20.1","","-35.3","","-27.7","","45.7","","0.0","","","M","","M","0.2","","15","","","","<31",""
"-102.57","50.37","BROADVIEW","4010879","2013-12-30","2013","12","30","","-20.8","","-32.2","","-26.5","","44.5","","0.0","","","M","","M","0.0","","15","","","","<31",""
"-102.57","50.37","BROADVIEW","4010879","2013-12-31","2013","12","31","","-24.9","","-38.1","","-31.5","","49.5","","0.0","","","M","","M","0.0","","15","","","","<31",""
