"Longitude (x)","Latitude (y)","Station Name","Climate ID","Date/Time","Year","Month","Mean Max Temp (°C)","Mean Max Temp Flag","Mean Min Temp (°C)","Mean Min Temp Flag","Mean Temp (°C)","Mean Temp Flag","Extr Max Temp (°C)","Extr Max Temp Flag","Extr Min Temp (°C)","Extr Min Temp Flag","Total Rain (mm)","Total Rain Flag","Total Snow (cm)","Total Snow Flag","Total Precip (mm)","Total Precip Flag","Snow Grnd Last Day (cm)","Snow Grnd Last Day Flag","Dir of Max Gust (10's deg)","Dir of Max Gust Flag","Spd of Max Gust (km/h)","Spd of Max Gust Flag"
"-102.57","50.37","BROADVIEW","4010879","1965-01","1965","01","","M","","M","","M","","M","","M","","M","","M","","M","","M","","","",""
"-102.57","50.37","BROADVIEW","4010879","1965-02","1965","02","","M","","M","","M","","M","","M","","M","","M","","M","","M","","","",""
"-102.57","50.37","BROADVIEW","4010879","1965-03","1965","03","-8.1","","-20.4","","-14.3","","2.8","","-31.7","","0.0","","10.9","","7.1","","33","","","","",""
"-102.57","50.37","BROADVIEW","4010879","1965-04","1965","04","7.3","","-1.9","","2.7","","25.6","","-6.7","","25.7","","5.3","","30.0","","0","","","","",""
"-102.57","50.37","BROADVIEW","4010879","1965-05","1965","05","16.0","","1.9","","9.0","","25.6","","-4.4","","77.7","","2.3","","79.0","","0","","","","",""
"-102.57","50.37","BROADVIEW","4010879","1965-06","1965","06","21.7","","9.4","","15.6","","30.6","","2.8","","92.7","","0.0","T","92.7","","0","","","","",""
"-102.57","50.37","BROADVIEW","4010879","1965-07","1965","07","24.7","","10.4","","17.6","","29.4","S","1.1","","32.8","","0.0","","32.8","","0","","","","",""
"-102.57","50.37","BROADVIEW","4010879","1965-08","1965","08","24.6","","9.1","","16.9","","36.1","","1.7","","60.7","","0.0","","60.7","","0","","","","",""
"-102.57","50.37","BROADVIEW","4010879","1965-09","1965","09","10.4","","0.1","","5.3","","24.4","","-8.3","","105.4","","34.8","","141.5","","0","","","","",""
"-102.57","50.37","BROADVIEW","4010879","1965-10","1965","10","14.1","","-0.6","","6.8","","21.1","","-6.1","","0.0","T","0.0","","0.0","T","0","","","","",""
"-102.57","50.37","BROADVIEW","4010879","1965-11","1965","11","-3.4","","-13.2","","-8.3","","20.0","","-26.1","","0.0","T","30.7","","25.1","","18","","","","",""
"-102.57","50.37","BROADVIEW","4010879","1965-12","1965","12","-5.8","","-15.6","","-10.7","","6.7","","-30.6","","0.0","T","22.6","","19.1","","30","","","","",""
"-102.57","50.37","BROADVIEW","4010879","1966-01","1966","01","-20.3","","-32.0","","-26.2","","-3.3","","-45.0","","0.0","","16.5","","13.2","","33","","","","",""
"-102.57","50.37","BROADVIEW","4010879","1966-02","1966","02","-10.2","","-23.1","","-16.7","","1.1","","-40.0","","0.0","","13.0","","8.6","","36","","","","",""
"-102.57","50.37","BROADVIEW","4010879","1966-03","1966","03","0.2","","-10.6","","-5.2","","18.9","","-26.1","","2.0","","7.6","","8.9","","0","T","","","",""
"-102.57","50.37","BROADVIEW","4010879","1966-04","1966","04","4.1","","-4.4","","-0.2","","15.6","","-16.1","","14.2","","36.1","","43.7","","8","","","","",""
"-102.57","50.37","BROADVIEW","4010879","1966-05","1966","05","16.2","","2.2","","9.2","","28.3","S","-5.0","","16.3","","1.3","","17.3","","0","","","","",""
"-102.57","50.37","BROADVIEW","4010879","1966-06","1966","06","21.6","","7.9","","14.8","","31.1","","0.6","S","35.6","","0.0","","35.6","","0","","","","",""
"-102.57","50.37","BROADVIEW","4010879","1966-07","1966","07","25.8","","12.4","","19.1","","34.4","","7.8","S","62.7","","0.0","","62.7","","0","","","","",""
"-102.57","50.37","BROADVIEW","4010879","1966-08","1966","08","22.6","","8.7","","15.7","","32.2","","2.8","","87.4","","0.0","","87.4","","0","","","","",""
"-102.57","50.37","BROADVIEW","4010879","1966-09","1966","09","20.2","","3.8","","12.0","","31.1","","-2.8","","10.2","","0.0","T","10.2","","0","","","","",""
"-102.57","50.37","BROADVIEW","4010879","1966-10","1966","10","10.9","","-2.6","","4.2","","26.7","","-12.2","S","13.5","","0.0","T","13.5","","0","","","","",""
"-102.57","50.37","BROADVIEW","4010879","1966-11","1966","11","-4.2","","-16.2","","-10.2","","5.0","","-29.4","","5.6","","25.9","","26.2","","10","","","","",""
"-102.57","50.37","BROADVIEW","4010879","1966-12","1966","12","-8.0","","-18.0","","-13.0","","2.8","","-32.8","","1.3","","12.4","","8.9","","15","","","","",""
"-102.57","50.37","BROADVIEW","4010879","1967-01","1967","01","-11.9","","-22.4","","-17.2","","2.2","","-37.8","","1.0","","43.4","","33.3","","46","","","","",""
"-102.57","50.37","BROADVIEW","4010879","1967-02","1967","02","-10.6","","-23.9","","-17.3","","2.8","","-38.9","","0.0","T","6.6","","4.6","","33","","","","",""
"-102.57","50.37","BROADVIEW","4010879","1967-03","1967","03","-4.3","","-16.7","","-10.5","","5.6","","-33.9","","11.2","","26.9","","28.4","","8","","","","",""
"-102.57","50.37","BROADVIEW","4010879","1967-04","1967","04","4.6","","-6.3","","-0.9","","13.9","","-18.3","S","2.8","","14.0","","16.3","","0","","","","",""
"-102.57","50.37","BROADVIEW","4010879","1967-05","1967","05","15.7","","1.4","","8.6","","26.1","","-10.0","","21.3","","0.3","","21.6","","0","","","","",""
"-102.57","50.37","BROADVIEW","4010879","1967-06","1967","06","22.1","","7.5","","14.8","","30.0","","0.0","","27.7","","0.0","","27.7","","0","","","","",""
"-102.57","50.37","BROADVIEW","4010879","1967-07","1967","07","26.1","","9.2","","17.7","","33.9","","1.7","","31.8","","0.0","","31.8","","0","","","","",""
"-102.57","50.37","BROADVIEW","4010879","1967-08","1967","08","25.8","","8.3","","17.1","","33.3","","1.1","","33.3","","0.0","","33.3","","0","","","","",""
"-102.57","50.37","BROADVIEW","4010879","1967-09","1967","09","22.9","","6.8","","14.9","","32.2","S","-4.4","S","49.5","","0.0","","49.5","","0","","","","",""
"-102.57","50.37","BROADVIEW","4010879","1967-10","1967","10","8.9","","-0.9","","4.0","","17.2","","-7.8","","25.7","","19.3","","66.0","","0","","","","",""
"-102.57","50.37","BROADVIEW","4010879","1967-11","1967","11","-0.9","","-8.7","","-4.8","","9.4","","-23.3","","5.8","","15.5","","24.9","","3","","","","",""
"-102.57","50.37","BROADVIEW","4010879","1967-12","1967","12","-8.1","","-16.7","","-12.4","","6.1","","-37.8","","2.3","","23.4","","22.4","","13","","","","",""
"-102.57","50.37","BROADVIEW","4010879","1968-01","1968","01","-11.8","","-22.3","","-17.1","","5.0","S","-39.4","","1.8","","21.6","","21.3","","18","","","","",""
"-102.57","50.37","BROADVIEW","4010879","1968-02","1968","02","-7.4","","-18.6","","-13.0","","5.6","","-30.6","","0.3","","5.1","","2.8","","13","","","","",""
"-102.57","50.37","BROADVIEW","4010879","1968-03","1968","03","3.9","","-7.5","","-1.8","","18.9","","-20.0","","1.3","","8.6","","8.1","","3","","","","",""
"-102.57","50.37","BROADVIEW","4010879","1968-04","1968","04","11.5","","-4.1","","3.7","","28.3","","-11.7","","2.0","","2.5","","5.1","","0","","","","",""
"-102.57","50.37","BROADVIEW","4010879","1968-05","1968","05","15.7","","2.0","","8.9","","25.0","","-3.3","","42.7","","14.0","","54.1","","0","","","","",""
"-102.57","50.37","BROADVIEW","4010879","1968-06","1968","06","20.7","","7.1","","13.9","","30.6","","1.1","S","20.8","","0.0","","20.8","","0","","","","",""
"-102.57","50.37","BROADVIEW","4010879","1968-07","1968","07","25.3","","9.1","","17.2","","35.0","S","0.6","","45.7","","0.0","","45.7","","0","","","","",""
"-102.57","50.37","BROADVIEW","4010879","1968-08","1968","08","20.1","","8.3","","14.2","","27.8","","0.0","","108.0","","0.0","","108.0","","0","","","","",""
"-102.57","50.37","BROADVIEW","4010879","1968-09","1968","09","18.9","","5.2","","12.1","","30.0","S","-2.8","","30.2","","0.0","","30.2","","0","","","","",""
"-102.57","50.37","BROADVIEW","4010879","1968-10","1968","10","9.9","","-1.4","","4.3","","18.9","","-7.2","","27.4","","6.1","","36.3","","0","","","","",""
"-102.57","50.37","BROADVIEW","4010879","1968-11","1968","11","0.7","","-7.9","","-3.6","","9.4","","-16.7","","1.8","","14.7","","11.9","","0","T","","","",""
"-102.57","50.37","BROADVIEW","4010879","1968-12","1968","12","-11.9","","-22.4","","-17.2","","1.7","S","-36.7","","0.0","","26.7","","18.8","","18","","","","",""
"-102.57","50.37","BROADVIEW","4010879","1969-01","1969","01","-18.8","","-29.9","","-24.4","","0.0","","-39.4","","0.0","T","41.9","","35.3","","28","","","","",""
"-102.57","50.37","BROADVIEW","4010879","1969-02","1969","02","-8.9","","-19.9","","-14.4","","0.0","","-37.2","","0.0","T","21.8","","19.3","","33","","","","",""
"-102.57","50.37","BROADVIEW","4010879","1969-03","1969","03","-4.7","","-17.3","","-11.0","","5.6","","-30.0","","0.0","","19.1","","15.7","","28","","","","",""
"-102.57","50.37","BROADVIEW","4010879","1969-04","1969","04","11.6","","-0.3","","5.7","","21.1","","-11.1","","25.9","","0.5","","26.2","","0","","","","",""
"-102.57","50.37","BROADVIEW","4010879","1969-05","1969","05","16.7","","2.7","","9.7","","33.3","","-3.3","S","34.0","","0.3","","34.3","","0","","","","",""
"-102.57","50.37","BROADVIEW","4010879","1969-06","1969","06","18.4","","3.4","","10.9","","26.1","","-4.4","","78.2","","0.0","T","78.2","","0","","","","",""
"-102.57","50.37","BROADVIEW","4010879","1969-07","1969","07","23.1","","10.3","","16.7","","32.2","","5.6","","77.0","","0.0","","77.0","","0","","","","",""
"-102.57","50.37","BROADVIEW","4010879","1969-08","1969","08","27.6","","10.5","","19.1","","34.4","","1.7","","40.9","","0.0","","40.9","","0","","","","",""
"-102.57","50.37","BROADVIEW","4010879","1969-09","1969","09","18.8","","4.3","","11.6","","31.7","","-3.3","","35.1","","0.0","T","35.1","","0","","","","",""
"-102.57","50.37","BROADVIEW","4010879","1969-10","1969","10","4.4","","-3.7","","0.4","","15.0","","-13.9","S","21.8","","32.8","","49.8","","5","","","","",""
"-102.57","50.37","BROADVIEW","4010879","1969-11","1969","11","1.8","","-8.3","","-3.3","","16.7","","-22.8","","0.0","T","7.4","","4.3","","0","","","","",""
"-102.57","50.37","BROADVIEW","4010879","1969-12","1969","12","-5.0","","-14.3","","-9.7","","8.3","","-25.6","","0.0","T","18.5","","10.9","","8","","","","",""
"-102.57","50.37","BROADVIEW","4010879","1970-01","1970","01","-14.8","","-24.1","","-19.5","","0.6","","-39.4","","0.0","T","18.8","","13.5","","15","","","","",""
"-102.57","50.37","BROADVIEW","4010879","1970-02","1970","02","-7.5","","-21.6","","-14.6","","2.2","","-37.2","","0.0","","28.7","","23.1","","8","","","","",""
"-102.57","50.37","BROADVIEW","4010879","1970-03","1970","03","-5.9","","-17.9","","-11.9","","4.4","","-30.0","","0.0","T","25.7","","20.6","","10","","","","",""
"-102.57","50.37","BROADVIEW","4010879","1970-04","1970","04","5.2","","-3.5","","0.9","","15.0","","-18.9","","7.1","","76.2","","83.6","","18","","","","",""
"-102.57","50.37","BROADVIEW","4010879","1970-05","1970","05","13.6","","2.5","","8.1","","26.7","","-7.2","","38.6","","11.7","","50.3","","0","","","","",""
"-102.57","50.37","BROADVIEW","4010879","1970-06","1970","06","25.2","","10.9","","18.1","","33.3","","2.2","","25.7","","0.0","","25.7","","0","","","","",""
"-102.57","50.37","BROADVIEW","4010879","1970-07","1970","07","25.2","","12.1","","18.7","","32.2","","6.1","","89.9","","0.0","","89.9","","0","","","","",""
"-102.57","50.37","BROADVIEW","4010879","1970-08","1970","08","25.6","","8.3","","17.0","","33.9","","-1.1","","21.3","","0.0","","21.3","","0","","","","",""
"-102.57","50.37","BROADVIEW","4010879","1970-09","1970","09","17.4","","3.7","","10.6","","30.6","","-1.7","","44.2","","12.4","","56.6","","0","","","","",""
"-102.57","50.37","BROADVIEW","4010879","1970-10","1970","10","9.0","","-2.0","","3.5","","24.4","","-10.0","S","26.2","","30.5","","60.2","","5","","","","",""
"-102.57","50.37","BROADVIEW","4010879","1970-11","1970","11","-2.9","","-9.4","","-6.2","","6.7","","-24.4","","0.5","","11.2","","9.9","","5","","","","",""
"-102.57","50.37","BROADVIEW","4010879","1970-12","1970","12","-11.3","","-23.3","","-17.3","","0.0","S","-37.2","","0.0","T","26.9","","20.1","","10","","","","",""
"-102.57","50.37","BROADVIEW","4010879","1971-01","1971","01","-17.0","","-26.4","","-21.7","","2.8","","-38.9","","0.5","","15.5","","11.9","","13","","","","<31",""
"-102.57","50.37","BROADVIEW","4010879","1971-02","1971","02","-6.2","","-17.6","","-11.9","","3.9","","-33.3","","0.5","","5.3","","5.1","","3","","","","<31",""
"-102.57","50.37","BROADVIEW","4010879","1971-03","1971","03","-1.9","","-11.9","","-6.9","","10.6","","-22.2","S","0.0","T","18.5","","17.8","","0","T","29","","56",""
"-102.57","50.37","BROADVIEW","4010879","1971-04","1971","04","9.7","","-2.9","","3.4","","23.3","","-15.6","","16.3","","5.3","","21.6","","0","","29","","76",""
"-102.57","50.37","BROADVIEW","4010879","1971-05","1971","05","19.1","","1.9","","10.5","","27.8","","-3.3","","4.1","","6.1","","10.2","","0","","29","","72",""
"-102.57","50.37","BROADVIEW","4010879","1971-06","1971","06","21.1","","9.1","","15.1","","29.4","","0.0","","113.8","","0.0","","113.8","","0","","27","","69",""
"-102.57","50.37","BROADVIEW","4010879","1971-07","1971","07","21.3","","9.3","","15.3","","29.4","","2.8","","60.5","","0.0","","60.5","","0","","29","","79",""
"-102.57","50.37","BROADVIEW","4010879","1971-08","1971","08","26.4","","10.1","","18.3","","35.0","","4.4","S","35.8","","0.0","","35.8","","0","","20","","79",""
"-102.57","50.37","BROADVIEW","4010879","1971-09","1971","09","17.8","","3.8","","10.8","","30.6","","-3.9","","26.7","","0.3","","26.9","","0","","27","","71","S"
"-102.57","50.37","BROADVIEW","4010879","1971-10","1971","10","9.7","","-1.4","","4.2","","23.3","","-13.3","","44.2","","13.0","","53.8","","3","","29","","77",""
"-102.57","50.37","BROADVIEW","4010879","1971-11","1971","11","-0.8","","-10.1","","-5.5","","11.7","","-23.9","","1.8","","18.8","","11.9","","3","","29","","69",""
"-102.57","50.37","BROADVIEW","4010879","1971-12","1971","12","-10.4","","-21.3","","-15.9","","0.6","","-34.4","","0.0","T","18.0","","10.7","","10","","29","","61",""
"-102.57","50.37","BROADVIEW","4010879","1972-01","1972","01","-15.4","","-27.7","","-21.6","","4.4","","-40.6","","0.0","","29.2","","17.0","","18","","29","","56",""
"-102.57","50.37","BROADVIEW","4010879","1972-02","1972","02","-14.1","","-25.0","","-19.6","","0.6","","-38.9","","0.0","","38.4","","21.6","","33","","23","","58",""
"-102.57","50.37","BROADVIEW","4010879","1972-03","1972","03","-2.9","","-13.1","","-8.0","","8.3","","-40.6","","5.1","","19.6","","20.8","","5","","34","","68",""
"-102.57","50.37","BROADVIEW","4010879","1972-04","1972","04","8.2","","-2.8","","2.7","","18.9","","-15.0","","7.1","","3.3","","10.4","","0","","29","","72",""
"-102.57","50.37","BROADVIEW","4010879","1972-05","1972","05","19.4","","4.5","","12.0","","29.4","","-5.0","","37.8","","2.0","","39.9","","0","","11","","60",""
"-102.57","50.37","BROADVIEW","4010879","1972-06","1972","06","23.5","","9.4","","16.5","","32.2","S","-0.6","","33.3","","0.0","","33.3","","0","","32","","69",""
"-102.57","50.37","BROADVIEW","4010879","1972-07","1972","07","21.9","","7.5","","14.7","","29.4","","0.6","","38.9","","0.0","","38.9","","0","","32","","74",""
"-102.57","50.37","BROADVIEW","4010879","1972-08","1972","08","25.7","","10.4","","18.1","","36.7","","3.9","","50.5","","0.0","","50.5","","0","","32","","64",""
"-102.57","50.37","BROADVIEW","4010879","1972-09","1972","09","14.4","","0.4","","7.4","","27.2","","-9.4","","7.4","","17.5","","18.5","","0","T","27","","92",""
"-102.57","50.37","BROADVIEW","4010879","1972-10","1972","10","7.7","","-5.0","","1.4","","21.7","","-18.3","","2.5","","8.1","","10.2","","5","","29","","76",""
"-102.57","50.37","BROADVIEW","4010879","1972-11","1972","11","-2.0","","-8.1","","-5.1","","4.4","","-20.6","","1.5","","14.5","","11.9","","8","","34","","50",""
"-102.57","50.37","BROADVIEW","4010879","1972-12","1972","12","-13.4","","-23.8","","-18.6","","3.9","","-34.4","S","0.8","","17.8","","14.0","","18","","16","","55",""
"-102.57","50.37","BROADVIEW","4010879","1973-01","1973","01","-5.9","","-16.2","","-11.1","","7.2","","-36.7","","0.3","","2.8","","0.8","","3","","29","","66",""
"-102.57","50.37","BROADVIEW","4010879","1973-02","1973","02","-6.4","","-18.7","","-12.6","","3.9","S","-32.8","","0.0","T","14.7","","9.9","","5","","34","","58",""
"-102.57","50.37","BROADVIEW","4010879","1973-03","1973","03","5.8","","-5.4","","0.2","","17.2","","-15.6","","2.8","","10.7","","11.9","","0","","16","","64",""
"-102.57","50.37","BROADVIEW","4010879","1973-04","1973","04","8.3","","-4.8","","1.8","","20.0","","-12.8","","18.0","","17.0","","33.3","","0","T","23","","58",""
"-102.57","50.37","BROADVIEW","4010879","1973-05","1973","05","17.3","","1.9","","9.6","","26.1","","-6.1","","32.3","","0.3","","32.5","","0","","14","","58",""
"-102.57","50.37","BROADVIEW","4010879","1973-06","1973","06","21.4","","9.1","","15.3","","30.0","","3.3","","121.2","","0.0","","121.2","","0","","32","","79",""
"-102.57","50.37","BROADVIEW","4010879","1973-07","1973","07","24.3","","9.8","","17.1","","30.0","","1.7","","49.0","","0.0","","49.0","","0","","29","","95",""
"-102.57","50.37","BROADVIEW","4010879","1973-08","1973","08","26.9","","10.6","","18.8","","32.8","","3.9","","31.5","","0.0","","31.5","","0","","25","","68",""
"-102.57","50.37","BROADVIEW","4010879","1973-09","1973","09","16.7","","3.9","","10.3","","26.1","","-5.0","","114.6","","0.0","","114.6","","0","","32","","61","S"
"-102.57","50.37","BROADVIEW","4010879","1973-10","1973","10","12.8","","0.1","","6.5","","21.7","","-6.7","S","1.5","","2.5","","3.8","","0","T","29","","68",""
"-102.57","50.37","BROADVIEW","4010879","1973-11","1973","11","-5.9","","-15.7","","-10.8","","3.9","","-24.4","","0.0","T","27.2","","18.5","","8","","29","","60",""
"-102.57","50.37","BROADVIEW","4010879","1973-12","1973","12","-11.0","","-19.4","","-15.2","","2.8","S","-37.2","","2.0","","36.3","","27.7","","23","","34","","74",""
"-102.57","50.37","BROADVIEW","4010879","1974-01","1974","01","-16.2","","-27.3","","-21.8","","2.8","","-40.0","","0.0","T","37.8","","25.4","","38","","32","","58",""
"-102.57","50.37","BROADVIEW","4010879","1974-02","1974","02","-7.8","","-20.3","","-14.1","","1.7","","-37.2","","0.3","","18.0","","9.9","","36","","36","","71",""
"-102.57","50.37","BROADVIEW","4010879","1974-03","1974","03","-5.4","","-17.3","","-11.4","","5.0","","-33.3","","1.0","","24.9","","21.3","","33","","29","","61","S"
"-102.57","50.37","BROADVIEW","4010879","1974-04","1974","04","7.7","","-4.9","","1.4","","26.1","","-20.6","","19.6","","12.2","","28.2","","0","","16","","56",""
"-102.57","50.37","BROADVIEW","4010879","1974-05","1974","05","11.7","","2.2","","7.0","","20.6","","-3.9","","86.1","","2.3","","88.4","","0","","16","","68",""
"-102.57","50.37","BROADVIEW","4010879","1974-06","1974","06","23.4","","8.8","","16.1","","33.9","","3.3","","29.5","","0.0","","29.5","","0","","16","","72",""
"-102.57","50.37","BROADVIEW","4010879","1974-07","1974","07","27.2","","11.6","","19.4","","35.0","","5.6","","23.1","","0.0","","23.1","","0","","27","","61","S"
"-102.57","50.37","BROADVIEW","4010879","1974-08","1974","08","20.6","","8.1","","14.4","","32.2","","1.7","","106.9","","0.0","","106.9","","0","","29","","66",""
"-102.57","50.37","BROADVIEW","4010879","1974-09","1974","09","15.3","","2.4","","8.9","","25.0","","-7.8","","23.1","","2.0","","25.1","","0","","32","","63",""
"-102.57","50.37","BROADVIEW","4010879","1974-10","1974","10","13.9","","-1.7","","6.1","","25.0","","-13.9","","7.9","","6.6","","13.7","","0","","20","","58",""
"-102.57","50.37","BROADVIEW","4010879","1974-11","1974","11","2.4","","-8.9","","-3.3","","13.3","S","-21.7","","0.5","","1.5","","1.5","","0","","29","","69",""
"-102.57","50.37","BROADVIEW","4010879","1974-12","1974","12","-2.9","","-12.8","","-7.9","","6.1","","-23.3","","0.5","","25.9","","19.6","","13","","29","","63",""
"-102.57","50.37","BROADVIEW","4010879","1975-01","1975","01","-8.7","","-20.4","","-14.6","","1.7","","-33.3","","2.3","","19.6","","17.0","","15","","32","","82",""
"-102.57","50.37","BROADVIEW","4010879","1975-02","1975","02","-11.1","","-21.0","","-16.1","","2.2","","-35.6","","0.0","","21.8","","13.7","","20","","32","","64",""
"-102.57","50.37","BROADVIEW","4010879","1975-03","1975","03","-5.6","","-17.1","","-11.4","","6.1","","-32.8","","0.0","T","33.5","","22.4","","23","","36","","69",""
"-102.57","50.37","BROADVIEW","4010879","1975-04","1975","04","3.2","","-4.3","","-0.6","","13.9","","-24.4","","59.7","","47.5","","98.6","","3","","11","","71",""
"-102.57","50.37","BROADVIEW","4010879","1975-05","1975","05","16.0","","4.1","","10.1","","24.4","S","-1.1","","14.7","","0.0","T","14.7","","0","","16","","72","S"
"-102.57","50.37","BROADVIEW","4010879","1975-06","1975","06","20.8","","8.7","","14.8","","29.4","","1.7","S","77.0","","0.0","","77.0","","0","","27","","71",""
"-102.57","50.37","BROADVIEW","4010879","1975-07","1975","07","28.2","","12.4","","20.3","","38.3","","5.6","S","11.9","","0.0","","11.9","","0","","25","","61",""
"-102.57","50.37","BROADVIEW","4010879","1975-08","1975","08","21.3","","8.9","","15.1","","32.8","","-0.6","","108.2","","0.0","","108.2","","0","","29","","74",""
"-102.57","50.37","BROADVIEW","4010879","1975-09","1975","09","16.0","","4.6","","10.3","","26.7","S","-3.9","","102.6","","0.0","T","102.6","","0","","34","","79",""
"-102.57","50.37","BROADVIEW","4010879","1975-10","1975","10","10.8","","-0.8","","5.0","","24.4","","-11.1","","3.3","","5.6","","7.1","","0","","29","","77",""
"-102.57","50.37","BROADVIEW","4010879","1975-11","1975","11","1.9","","-9.7","","-3.9","","22.2","","-28.3","","0.0","","19.6","","11.9","","10","","29","","60",""
"-102.57","50.37","BROADVIEW","4010879","1975-12","1975","12","-6.6","","-18.6","","-12.6","","6.1","","-33.3","S","1.3","","32.3","","25.9","","15","","32","","64",""
"-102.57","50.37","BROADVIEW","4010879","1976-01","1976","01","-9.4","","-20.3","","-14.9","","2.8","","-37.2","","0.0","T","41.4","","32.8","","20","","34","","71",""
"-102.57","50.37","BROADVIEW","4010879","1976-02","1976","02","-4.2","","-16.6","","-10.4","","6.1","","-33.3","","0.0","T","25.1","","22.4","","25","","36","","72",""
"-102.57","50.37","BROADVIEW","4010879","1976-03","1976","03","-3.8","","-15.9","","-9.9","","7.2","","-35.0","","8.1","","25.4","","29.7","","23","","2","","64",""
"-102.57","50.37","BROADVIEW","4010879","1976-04","1976","04","10.7","","-1.0","","4.9","","20.0","","-9.4","","19.3","","7.9","","26.9","","0","","5","","64",""
"-102.57","50.37","BROADVIEW","4010879","1976-05","1976","05","19.3","","4.7","","12.0","","26.7","","-5.6","","20.6","","0.3","","20.8","","0","","2","","77",""
"-102.57","50.37","BROADVIEW","4010879","1976-06","1976","06","21.1","","10.7","","15.9","","28.9","","5.0","S","128.8","","0.0","","128.8","","0","","20","","89",""
"-102.57","50.37","BROADVIEW","4010879","1976-07","1976","07","24.9","","11.1","","18.0","","30.0","","5.0","","27.7","","0.0","","27.7","","0","","29","","51","S"
"-102.57","50.37","BROADVIEW","4010879","1976-08","1976","08","25.3","","9.8","","17.6","","35.6","","2.8","","26.9","","0.0","","26.9","","0","","29","","76",""
"-102.57","50.37","BROADVIEW","4010879","1976-09","1976","09","21.3","","2.9","","12.1","","36.1","","-6.7","","3.0","","0.0","","3.0","","0","","29","","84",""
"-102.57","50.37","BROADVIEW","4010879","1976-10","1976","10","8.8","","-5.7","","1.6","","23.9","","-17.8","","4.8","","1.3","","6.1","","0","","29","","89",""
"-102.57","50.37","BROADVIEW","4010879","1976-11","1976","11","0.3","","-12.1","","-5.9","","12.8","","-25.0","","0.0","","3.3","","2.0","","0","T","32","","76",""
"-102.57","50.37","BROADVIEW","4010879","1976-12","1976","12","-7.4","","-21.2","","-14.3","","3.9","","-36.1","","0.0","T","36.6","","31.2","","15","","29","","61",""
"-102.57","50.37","BROADVIEW","4010879","1977-01","1977","01","-15.2","","-26.6","","-20.9","","-0.3","","-38.4","","0.0","T","5.7","","4.9","","12","","1","","69",""
"-102.57","50.37","BROADVIEW","4010879","1977-02","1977","02","-2.3","","-12.9","","-7.6","","4.8","","-24.3","","0.0","T","8.5","","7.6","","6","","30","","57",""
"-102.57","50.37","BROADVIEW","4010879","1977-03","1977","03","2.8","","-9.0","","-3.1","","12.2","","-21.3","","0.0","T","10.2","","7.7","","0","","12","S","59","S"
"-102.57","50.37","BROADVIEW","4010879","1977-04","1977","04","15.4","","-0.9","","7.3","","27.6","","-10.8","","12.9","","3.6","","15.5","","0","","29","","78",""
"-102.57","50.37","BROADVIEW","4010879","1977-05","1977","05","21.9","","7.8","","14.9","","31.1","","-4.7","","110.7","","0.0","","110.7","","0","","17","","72",""
"-102.57","50.37","BROADVIEW","4010879","1977-06","1977","06","21.9","","9.0","","15.5","","32.1","","3.8","","84.1","","0.0","","84.1","","0","","32","","63",""
"-102.57","50.37","BROADVIEW","4010879","1977-07","1977","07","23.8","","10.7","","17.3","","31.2","","4.2","","74.9","","0.0","","74.9","","0","","14","","56",""
"-102.57","50.37","BROADVIEW","4010879","1977-08","1977","08","20.1","","5.5","","12.8","","26.4","","-1.0","","31.0","","0.0","","31.0","","0","","26","","67",""
"-102.57","50.37","BROADVIEW","4010879","1977-09","1977","09","15.8","","5.3","","10.6","","27.8","","-0.5","","69.1","","0.0","","69.1","","0","","26","","74",""
"-102.57","50.37","BROADVIEW","4010879","1977-10","1977","10","13.0","","-0.2","","6.4","","22.4","","-9.1","","9.3","","0.9","","10.6","","0","","26","","70",""
"-102.57","50.37","BROADVIEW","4010879","1977-11","1977","11","-0.7","","-10.6","","-5.7","","11.3","","-27.9","","0.8","","13.0","","15.2","","6","","26","","87",""
"-102.57","50.37","BROADVIEW","4010879","1977-12","1977","12","-14.5","","-23.1","","-18.8","","-2.0","","-39.6","","0.0","T","39.8","","33.4","","25","","13","","54",""
"-102.57","50.37","BROADVIEW","4010879","1978-01","1978","01","-17.4","","-28.2","","-22.8","","-1.2","","-43.6","","0.0","","11.0","","7.5","","28","","28","S","59","S"
"-102.57","50.37","BROADVIEW","4010879","1978-02","1978","02","-11.5","","-23.4","","-17.5","","0.4","","-35.0","","0.0","T","6.5","","4.8","","30","","14","","63",""
"-102.57","50.37","BROADVIEW","4010879","1978-03","1978","03","-1.3","","-12.1","","-6.7","","11.9","","-30.0","","1.6","","7.9","","7.4","","0","T","32","","65",""
"-102.57","50.37","BROADVIEW","4010879","1978-04","1978","04","9.0","","-1.8","","3.6","","21.7","","-9.2","","19.4","","7.7","","26.8","","0","","33","","67",""
"-102.57","50.37","BROADVIEW","4010879","1978-05","1978","05","19.4","","5.9","","12.7","","28.8","","-1.6","","54.6","","5.2","","59.8","","0","","17","","67","S"
"-102.57","50.37","BROADVIEW","4010879","1978-06","1978","06","23.0","","8.1","","15.6","","29.8","","0.9","","33.6","","0.0","","33.6","","0","","27","","67",""
"-102.57","50.37","BROADVIEW","4010879","1978-07","1978","07","23.8","","9.4","","16.6","","29.7","","2.8","","63.3","","0.0","","63.3","","0","","30","","54",""
"-102.57","50.37","BROADVIEW","4010879","1978-08","1978","08","23.4","","7.4","","15.4","","34.3","","0.4","","68.5","","0.0","","68.5","","0","","30","","65",""
"-102.57","50.37","BROADVIEW","4010879","1978-09","1978","09","19.3","","6.0","","12.7","","33.7","","-1.3","","49.8","","0.0","","49.8","","0","","27","","74",""
"-102.57","50.37","BROADVIEW","4010879","1978-10","1978","10","11.7","","-0.8","","5.5","","23.4","","-7.5","","28.9","","0.2","","29.1","","0","","29","","80",""
"-102.57","50.37","BROADVIEW","4010879","1978-11","1978","11","-3.9","","-14.8","","-9.4","","19.5","","-34.9","S","3.9","","36.4","","31.0","","14","","30","","100",""
"-102.57","50.37","BROADVIEW","4010879","1978-12","1978","12","-11.6","","-21.1","","-16.4","","0.3","","-31.4","","0.0","T","29.4","","25.3","","20","","36","S","63","S"
"-102.57","50.37","BROADVIEW","4010879","1979-01","1979","01","-17.2","","-28.6","","-22.9","","-3.9","","-38.4","","0.0","","12.0","","8.5","","25","","29","S","54","S"
"-102.57","50.37","BROADVIEW","4010879","1979-02","1979","02","-17.0","","-28.4","","-22.7","","4.8","","-40.2","","0.0","","18.1","","15.8","","32","","12","","50",""
"-102.57","50.37","BROADVIEW","4010879","1979-03","1979","03","-3.0","","-14.9","","-9.0","","6.6","","-27.4","","0.0","T","19.8","","16.7","","24","","14","","67",""
"-102.57","50.37","BROADVIEW","4010879","1979-04","1979","04","1.1","","-6.9","","-2.9","","9.1","","-24.7","","3.8","","33.3","","32.5","","0","T","15","","80",""
"-102.57","50.37","BROADVIEW","4010879","1979-05","1979","05","12.8","","1.6","","7.2","","27.7","","-5.4","","20.9","","25.4","","41.3","","0","","31","","57",""
"-102.57","50.37","BROADVIEW","4010879","1979-06","1979","06","23.2","","8.2","","15.7","","37.0","","1.9","","8.2","","0.0","","8.2","","0","","29","","81",""
"-102.57","50.37","BROADVIEW","4010879","1979-07","1979","07","27.1","","12.6","","19.9","","35.2","","6.0","","39.2","","0.0","","39.2","","0","","30","","72",""
"-102.57","50.37","BROADVIEW","4010879","1979-08","1979","08","24.1","","7.6","","15.9","","31.3","","-2.3","","16.4","","0.0","","16.4","","0","","29","","115",""
"-102.57","50.37","BROADVIEW","4010879","1979-09","1979","09","19.8","","4.8","","12.3","","31.8","","-1.9","","42.1","","0.0","","42.1","","0","","9","","76",""
"-102.57","50.37","BROADVIEW","4010879","1979-10","1979","10","10.1","","-1.5","","4.3","","24.6","","-8.2","S","19.3","","6.5","","32.6","","0","","32","","78",""
"-102.57","50.37","BROADVIEW","4010879","1979-11","1979","11","-0.6","","-9.1","","-4.9","","10.6","","-15.7","","0.0","T","14.5","","8.0","","4","","32","","56",""
"-102.57","50.37","BROADVIEW","4010879","1979-12","1979","12","-3.8","","-15.0","","-9.4","","7.4","","-30.4","","1.2","","22.8","","19.0","","7","","28","","74",""
"-102.57","50.37","BROADVIEW","4010879","1980-01","1980","01","-12.6","","-23.7","","-18.2","","3.0","","-35.3","","0.0","","29.0","","22.3","","14","","29","","91",""
"-102.57","50.37","BROADVIEW","4010879","1980-02","1980","02","-10.2","","-19.0","","-14.6","","-0.6","","-34.7","","0.0","T","19.8","","14.4","","27","","30","","78",""
"-102.57","50.37","BROADVIEW","4010879","1980-03","1980","03","-3.6","","-14.4","","-9.0","","9.9","","-29.3","","0.0","T","14.7","","11.0","","5","","13","","72",""
"-102.57","50.37","BROADVIEW","4010879","1980-04","1980","04","16.0","","0.1","","8.1","","31.5","","-5.8","","0.2","","0.0","T","0.2","","0","","31","","63",""
"-102.57","50.37","BROADVIEW","4010879","1980-05","1980","05","22.8","","5.2","","14.0","","37.4","","-5.1","","7.2","","0.0","","7.2","","0","","18","","104",""
"-102.57","50.37","BROADVIEW","4010879","1980-06","1980","06","22.8","","7.7","","15.3","","32.0","","-6.2","","35.4","","0.0","","35.4","","0","","26","","59",""
"-102.57","50.37","BROADVIEW","4010879","1980-07","1980","07","25.2","","10.9","","18.1","","33.2","","4.4","","95.3","","0.0","","95.3","","0","","24","","85",""
"-102.57","50.37","BROADVIEW","4010879","1980-08","1980","08","20.6","","8.7","","14.7","","27.4","","-0.5","","110.6","","0.0","","110.6","","0","","31","","69",""
"-102.57","50.37","BROADVIEW","4010879","1980-09","1980","09","17.3","","4.3","","10.8","","32.0","","-2.4","","34.7","","1.0","","35.7","","0","","30","","74",""
"-102.57","50.37","BROADVIEW","4010879","1980-10","1980","10","10.7","","-1.7","","4.5","","26.8","","-11.6","","2.6","","2.6","","4.6","","0","","29","","91",""
"-102.57","50.37","BROADVIEW","4010879","1980-11","1980","11","4.2","","-6.7","","-1.3","","16.4","","-23.0","","3.0","","2.9","","4.6","","2","","30","","70",""
"-102.57","50.37","BROADVIEW","4010879","1980-12","1980","12","-8.3","","-19.7","","-14.0","","9.3","","-35.2","","1.8","","17.1","","11.3","","0","T","31","","69",""
"-102.57","50.37","BROADVIEW","4010879","1981-01","1981","01","-5.9","","-17.3","","-11.6","","4.8","","-34.8","","0.0","T","21.9","","14.8","","12","","34","","46",""
"-102.57","50.37","BROADVIEW","4010879","1981-02","1981","02","-4.6","","-14.0","","-9.3","","8.2","","-35.8","","9.6","","4.4","","12.0","","0","T","34","","65",""
"-102.57","50.37","BROADVIEW","4010879","1981-03","1981","03","6.4","","-6.1","","0.2","","14.4","","-15.4","","19.0","","3.5","","18.4","","0","","31","","63",""
"-102.57","50.37","BROADVIEW","4010879","1981-04","1981","04","12.3","","-2.4","","5.0","","24.1","","-8.8","","14.6","","1.4","","15.8","","0","","25","","94",""
"-102.57","50.37","BROADVIEW","4010879","1981-05","1981","05","17.9","","3.0","","10.5","","29.6","","-9.6","","24.9","","0.2","","24.9","","0","","19","","57",""
"-102.57","50.37","BROADVIEW","4010879","1981-06","1981","06","21.3","","7.0","","14.2","","30.6","","-1.4","","77.9","","0.0","","77.9","","0","","28","","81",""
"-102.57","50.37","BROADVIEW","4010879","1981-07","1981","07","27.0","","11.5","","19.3","","38.7","","3.5","","24.1","","0.0","","24.1","","0","","28","","69",""
"-102.57","50.37","BROADVIEW","4010879","1981-08","1981","08","26.9","","11.5","","19.2","","33.3","","5.3","","49.9","","0.0","","49.9","","0","","9","","61",""
"-102.57","50.37","BROADVIEW","4010879","1981-09","1981","09","19.7","","4.6","","12.2","","31.4","","-2.1","S","58.5","","0.0","","58.5","","0","","30","","74",""
"-102.57","50.37","BROADVIEW","4010879","1981-10","1981","10","8.3","","-1.4","","3.5","","17.1","","-15.6","","36.1","","8.9","","42.2","","0","","30","","72",""
"-102.57","50.37","BROADVIEW","4010879","1981-11","1981","11","4.9","","-4.5","","0.2","","20.1","","-11.9","","0.2","","9.3","","8.2","","5","","29","","52",""
"-102.57","50.37","BROADVIEW","4010879","1981-12","1981","12","-8.7","","-17.9","","-13.3","","3.4","","-35.1","","3.3","","26.4","","19.7","","16","","26","","56","S"
"-102.57","50.37","BROADVIEW","4010879","1982-01","1982","01","-19.7","","-31.9","","-25.8","","2.3","","-40.9","","0.0","T","26.2","","17.7","","20","","29","","74",""
"-102.57","50.37","BROADVIEW","4010879","1982-02","1982","02","-10.7","","-21.3","","-16.0","","6.4","","-36.3","","0.2","","11.9","","8.0","","9","","29","S","57","S"
"-102.57","50.37","BROADVIEW","4010879","1982-03","1982","03","-3.9","","-13.4","","-8.7","","3.5","","-29.0","","1.0","","14.4","","13.2","","6","","30","","81",""
"-102.57","50.37","BROADVIEW","4010879","1982-04","1982","04","7.6","","-4.5","","1.6","","24.6","","-17.8","","0.4","","9.6","","7.8","","0","","8","","65",""
"-102.57","50.37","BROADVIEW","4010879","1982-05","1982","05","15.7","","4.4","","10.1","","27.9","","-5.1","","41.2","","1.4","","42.4","","","M","26","S","74","S"
"-102.57","50.37","BROADVIEW","4010879","1982-06","1982","06","21.8","","5.7","","13.8","","29.6","","-0.9","","29.4","","0.0","","29.4","","0","","32","","78",""
"-102.57","50.37","BROADVIEW","4010879","1982-07","1982","07","25.0","","10.4","","17.7","","29.3","","2.2","","68.7","","0.0","","68.7","","0","","30","","70",""
"-102.57","50.37","BROADVIEW","4010879","1982-08","1982","08","23.5","","8.3","","15.9","","31.5","","-4.8","","37.7","","0.0","","37.7","","0","","27","","74",""
"-102.57","50.37","BROADVIEW","4010879","1982-09","1982","09","18.1","","2.9","","10.5","","33.2","","-4.2","","","M","","M","","M","0","","30","S","59","S"
"-102.57","50.37","BROADVIEW","4010879","1982-10","1982","10","11.0","","-0.1","","5.5","","21.2","","-7.1","","7.8","","1.8","","9.8","","0","","13","S","70","S"
"-102.57","50.37","BROADVIEW","4010879","1982-11","1982","11","-1.0","","-12.3","","-6.7","","8.9","","-22.4","","0.0","T","5.8","","4.6","","0","","29","","67",""
"-102.57","50.37","BROADVIEW","4010879","1982-12","1982","12","-6.3","","-16.8","","-11.6","","5.4","","-35.0","","0.2","","34.2","","31.0","","10","","24","","76",""
"-102.57","50.37","BROADVIEW","4010879","1983-01","1983","01","-6.1","","-18.3","","-12.2","","3.8","","-39.8","","0.8","","12.0","","10.2","","11","","24","","65",""
"-102.57","50.37","BROADVIEW","4010879","1983-02","1983","02","-5.7","","-15.6","","-10.7","","4.4","","-35.5","","1.2","","11.2","","10.2","","7","","14","S","57","S"
"-102.57","50.37","BROADVIEW","4010879","1983-03","1983","03","-3.0","","-13.8","","-8.4","","7.5","","-33.1","","3.0","","60.0","","54.6","","20","","14","S","54","S"
"-102.57","50.37","BROADVIEW","4010879","1983-04","1983","04","5.5","","-6.2","","-0.4","","19.4","","-16.9","","0.0","T","11.0","","10.0","","0","","31","","65",""
"-102.57","50.37","BROADVIEW","4010879","1983-05","1983","05","14.0","","1.6","","7.8","","25.4","","-11.6","","37.2","","37.2","","72.2","","0","","33","","78",""
"-102.57","50.37","BROADVIEW","4010879","1983-06","1983","06","21.8","","8.5","","15.2","","31.4","","2.2","","36.9","","0.0","","36.9","","0","","30","","78",""
"-102.57","50.37","BROADVIEW","4010879","1983-07","1983","07","26.2","","12.5","","19.4","","33.4","","4.2","","62.8","","0.0","","62.8","","0","","28","","83",""
"-102.57","50.37","BROADVIEW","4010879","1983-08","1983","08","29.8","","12.3","","21.1","","36.2","","5.5","","16.4","","0.0","","16.4","","0","","28","","74",""
"-102.57","50.37","BROADVIEW","4010879","1983-09","1983","09","16.4","","3.8","","10.1","","32.4","","-8.5","","25.1","","20.2","","44.3","","1","","25","","100",""
"-102.57","50.37","BROADVIEW","4010879","1983-10","1983","10","11.9","","-1.5","","5.2","","19.9","","-9.8","","12.9","","1.4","","14.3","","0","","28","","70",""
"-102.57","50.37","BROADVIEW","4010879","1983-11","1983","11","0.5","","-6.4","","-3.0","","15.4","","-21.8","","8.8","","16.2","","22.0","","6","","29","","67",""
"-102.57","50.37","BROADVIEW","4010879","1983-12","1983","12","-17.1","","-26.4","","-21.8","","-6.9","","-41.7","","0.0","","13.1","","8.9","","5","","28","","85",""
"-102.57","50.37","BROADVIEW","4010879","1984-01","1984","01","-6.6","","-18.2","","-12.4","","4.5","S","-34.6","","0.2","","11.8","","7.1","","4","","29","","83",""
"-102.57","50.37","BROADVIEW","4010879","1984-02","1984","02","1.0","","-9.5","","-4.3","","9.4","","-26.8","","0.4","","5.0","","4.2","","2","","34","","67",""
"-102.57","50.37","BROADVIEW","4010879","1984-03","1984","03","-1.8","","-12.6","","-7.2","","12.8","","-32.8","","7.8","","21.2","","24.4","","0","","24","","65",""
"-102.57","50.37","BROADVIEW","4010879","1984-04","1984","04","12.7","","-1.0","","5.9","","21.6","","-7.6","","12.0","","12.0","","24.0","","0","T","36","","85",""
"-102.57","50.37","BROADVIEW","4010879","1984-05","1984","05","16.5","","2.4","","9.5","","33.2","","-5.4","","26.4","","8.4","","34.8","","0","","25","","93",""
"-102.57","50.37","BROADVIEW","4010879","1984-06","1984","06","23.0","","8.9","","16.0","","30.3","","-0.4","","46.6","","0.0","","46.6","","0","","24","S","76","S"
"-102.57","50.37","BROADVIEW","4010879","1984-07","1984","07","27.8","","10.5","","19.2","","35.4","","4.0","","46.8","","0.0","","46.8","","0","","29","","70",""
"-102.57","50.37","BROADVIEW","4010879","1984-08","1984","08","28.3","","11.5","","19.9","","35.5","","-1.0","","8.0","","0.0","","8.0","","0","","28","","104",""
"-102.57","50.37","BROADVIEW","4010879","1984-09","1984","09","14.0","","2.2","","8.1","","29.0","","-5.5","","86.2","","4.2","","89.8","","0","","11","","80",""
"-102.57","50.37","BROADVIEW","4010879","1984-10","1984","10","7.9","","-2.9","","2.5","","23.6","S","-23.0","","6.2","","51.6","","56.2","","14","","32","","85",""
"-102.57","50.37","BROADVIEW","4010879","1984-11","1984","11","-3.4","","-11.5","","-7.5","","5.2","","-22.5","","1.0","","32.2","","33.0","","27","","29","","69",""
"-102.57","50.37","BROADVIEW","4010879","1984-12","1984","12","-12.7","","-23.4","","-18.1","","3.2","S","-35.4","","0.0","T","20.0","","18.0","","23","","19","S","70","S"
"-102.57","50.37","BROADVIEW","4010879","1985-01","1985","01","-10.6","","-22.2","","-16.4","","3.4","","-38.4","","0.2","","17.8","","15.6","","26","","34","","81",""
"-102.57","50.37","BROADVIEW","4010879","1985-02","1985","02","-10.2","","-20.7","","-15.5","","5.3","","-35.4","","0.0","T","11.8","","10.6","","26","","14","","69",""
"-102.57","50.37","BROADVIEW","4010879","1985-03","1985","03","1.5","","-8.0","","-3.3","","9.3","","-23.8","","0.0","T","3.8","","3.8","","0","T","8","","67",""
"-102.57","50.37","BROADVIEW","4010879","1985-04","1985","04","12.8","","-0.4","","6.2","","27.0","","-8.8","","14.4","","2.2","","16.4","","0","","22","","78",""
"-102.57","50.37","BROADVIEW","4010879","1985-05","1985","05","19.5","","4.5","","12.0","","28.5","","-1.4","","34.8","","0.4","","35.2","","0","","26","","96",""
"-102.57","50.37","BROADVIEW","4010879","1985-06","1985","06","17.8","","6.0","","11.9","","26.3","","-1.0","","78.4","","2.6","","81.0","","0","","26","","120",""
"-102.57","50.37","BROADVIEW","4010879","1985-07","1985","07","26.1","","8.9","","17.5","","36.7","","2.0","","14.4","","0.0","","14.4","","0","","30","","69",""
"-102.57","50.37","BROADVIEW","4010879","1985-08","1985","08","20.2","","8.2","","14.2","","28.9","","2.3","","151.7","","0.0","","151.7","","0","","27","","65",""
"-102.57","50.37","BROADVIEW","4010879","1985-09","1985","09","12.7","","2.9","","7.8","","22.8","","-3.8","","103.9","","10.4","","111.9","","0","","34","","74",""
"-102.57","50.37","BROADVIEW","4010879","1985-10","1985","10","10.2","","-1.5","","4.4","","20.0","","-7.5","","3.2","","16.0","","17.6","","0","","28","","93",""
"-102.57","50.37","BROADVIEW","4010879","1985-11","1985","11","-9.3","","-18.4","","-13.9","","7.6","","-35.2","","1.8","","25.5","","25.1","","8","","30","","61",""
"-102.57","50.37","BROADVIEW","4010879","1985-12","1985","12","-9.1","","-20.5","","-14.8","","4.2","","-29.9","","0.4","","16.2","","11.8","","3","","33","","106",""
"-102.57","50.37","BROADVIEW","4010879","1986-01","1986","01","-4.5","","-14.5","","-9.5","","6.9","","-33.4","","0.0","T","22.8","","17.8","","8","","29","","113",""
"-102.57","50.37","BROADVIEW","4010879","1986-02","1986","02","-9.2","","-19.7","","-14.5","","4.6","","-38.5","","0.0","T","17.2","","13.0","","5","","30","","56",""
"-102.57","50.37","BROADVIEW","4010879","1986-03","1986","03","4.2","","-5.9","","-0.9","","16.2","","-20.2","","10.6","","7.0","","16.3","","0","","29","","100",""
"-102.57","50.37","BROADVIEW","4010879","1986-04","1986","04","9.5","","-3.4","","3.1","","23.6","","-18.4","","7.0","","17.6","","23.0","","0","","31","S","69","S"
"-102.57","50.37","BROADVIEW","4010879","1986-05","1986","05","19.3","","5.1","","12.2","","32.6","","-2.0","","46.2","","28.8","","75.0","","0","","16","S","85","S"
"-102.57","50.37","BROADVIEW","4010879","1986-06","1986","06","22.2","","8.3","","15.3","","30.6","","2.1","","54.2","","0.0","","54.2","","0","","30","","78",""
"-102.57","50.37","BROADVIEW","4010879","1986-07","1986","07","23.2","","11.2","","17.2","","29.1","","7.6","S","112.0","","0.0","","112.0","","0","","27","","87",""
"-102.57","50.37","BROADVIEW","4010879","1986-08","1986","08","24.3","","8.6","","16.5","","31.7","","2.0","","25.4","","0.0","","25.4","","0","","18","","70",""
"-102.57","50.37","BROADVIEW","4010879","1986-09","1986","09","14.8","","3.7","","9.3","","23.2","","-3.8","","54.2","","0.0","","54.2","","0","","6","","87",""
"-102.57","50.37","BROADVIEW","4010879","1986-10","1986","10","12.7","","-1.0","","5.9","","23.2","","-9.8","","17.2","","9.0","","26.2","","4","","29","","70",""
"-102.57","50.37","BROADVIEW","4010879","1986-11","1986","11","-3.7","","-14.0","","-8.9","","7.9","","-25.5","","1.0","","9.6","","9.6","","0","","36","","65",""
"-102.57","50.37","BROADVIEW","4010879","1986-12","1986","12","-3.2","","-13.7","","-8.5","","3.3","","-30.6","","0.0","T","10.8","","10.6","","3","","30","","70",""
"-102.57","50.37","BROADVIEW","4010879","1987-01","1987","01","-3.0","","-13.5","","-8.3","","8.2","","-23.6","","0.0","T","9.2","","7.6","","2","","28","S","69","S"
"-102.57","50.37","BROADVIEW","4010879","1987-02","1987","02","-2.1","","-11.8","","-7.0","","4.5","","-24.6","","0.0","T","19.8","","17.2","","7","","32","","57",""
"-102.57","50.37","BROADVIEW","4010879","1987-03","1987","03","1.2","","-7.3","","-3.1","","16.2","","-22.4","","4.0","","33.6","","37.0","","0","T","29","","69",""
"-102.57","50.37","BROADVIEW","4010879","1987-04","1987","04","15.7","","0.7","","8.2","","28.2","","-10.5","","9.4","","3.8","","13.0","","0","","32","","78",""
"-102.57","50.37","BROADVIEW","4010879","1987-05","1987","05","21.2","","6.1","","13.7","","32.3","","-3.0","","19.2","","0.0","","19.2","","0","","27","","96",""
"-102.57","50.37","BROADVIEW","4010879","1987-06","1987","06","24.9","","9.9","","17.4","","36.7","","2.5","","100.8","","0.0","","100.8","","0","","29","","83",""
"-102.57","50.37","BROADVIEW","4010879","1987-07","1987","07","23.3","","11.1","","17.2","","33.1","","4.6","","107.8","","0.0","","107.8","","0","","28","","65",""
"-102.57","50.37","BROADVIEW","4010879","1987-08","1987","08","22.1","","8.2","","15.2","","30.9","","0.1","","24.8","","0.0","","24.8","","0","","13","","59",""
"-102.57","50.37","BROADVIEW","4010879","1987-09","1987","09","20.3","","5.4","","12.9","","31.9","","0.0","","66.2","","0.0","","66.2","","0","","26","","59",""
"-102.57","50.37","BROADVIEW","4010879","1987-10","1987","10","9.7","","-2.2","","3.8","","27.4","","-9.1","","7.2","","3.2","","9.8","","0","","29","","81",""
"-102.57","50.37","BROADVIEW","4010879","1987-11","1987","11","5.9","","-6.4","","-0.3","","19.1","","-16.5","","6.4","","1.4","","7.0","","0","","29","","61",""
"-102.57","50.37","BROADVIEW","4010879","1987-12","1987","12","-2.1","","-11.4","","-6.8","","7.2","","-27.3","","1.2","","6.8","","5.4","","2","","28","","70",""
"-102.57","50.37","BROADVIEW","4010879","1988-01","1988","01","-10.0","","-22.5","","-16.3","","4.9","","-33.1","","0.0","T","17.4","","16.0","","6","","31","S","69","S"
"-102.57","50.37","BROADVIEW","4010879","1988-02","1988","02","-6.8","","-19.1","","-13.0","","12.5","","-35.9","","0.4","","8.8","","9.0","","0","","29","","87",""
"-102.57","50.37","BROADVIEW","4010879","1988-03","1988","03","1.8","","-10.0","","-4.1","","15.0","","-20.6","","3.6","","27.6","","30.8","","3","","12","","72",""
"-102.57","50.37","BROADVIEW","4010879","1988-04","1988","04","12.9","","-2.9","","5.0","","27.5","","-8.6","S","14.0","","9.6","","22.8","","0","","25","","65",""
"-102.57","50.37","BROADVIEW","4010879","1988-05","1988","05","20.1","","6.0","","13.1","","32.2","","-2.4","","118.0","","0.6","","118.6","","0","","28","","74",""
"-102.57","50.37","BROADVIEW","4010879","1988-06","1988","06","28.0","","12.8","","20.4","","36.3","","5.8","","42.0","","0.0","","42.0","","0","","3","","93",""
"-102.57","50.37","BROADVIEW","4010879","1988-07","1988","07","26.8","","11.0","","18.9","","37.2","","3.4","","31.8","","0.0","","31.8","","0","","26","","72",""
"-102.57","50.37","BROADVIEW","4010879","1988-08","1988","08","24.7","","9.6","","17.2","","38.0","","1.4","","42.6","","0.0","","42.6","","0","","11","","89",""
"-102.57","50.37","BROADVIEW","4010879","1988-09","1988","09","17.6","","3.5","","10.6","","30.0","","-3.0","","22.2","","0.0","T","22.2","","0","","29","","102",""
"-102.57","50.37","BROADVIEW","4010879","1988-10","1988","10","11.7","","-4.4","","3.7","","26.7","","-16.9","","4.8","","3.2","","7.4","","0","T","30","","80",""
"-102.57","50.37","BROADVIEW","4010879","1988-11","1988","11","-0.6","","-9.8","","-5.2","","13.4","","-23.0","","4.0","","12.2","","14.6","","1","","27","","69",""
"-102.57","50.37","BROADVIEW","4010879","1988-12","1988","12","-6.5","","-16.4","","-11.5","","8.0","","-32.5","","0.6","","19.4","","15.1","","12","","30","","70",""
"-102.57","50.37","BROADVIEW","4010879","1989-01","1989","01","-8.0","","-19.4","","-13.7","","2.8","S","-38.7","","0.0","T","25.0","","19.8","","9","","24","","65",""
"-102.57","50.37","BROADVIEW","4010879","1989-02","1989","02","-12.9","","-23.8","","-18.4","","3.2","","-39.4","","0.4","","11.4","","9.2","","7","","29","","61",""
"-102.57","50.37","BROADVIEW","4010879","1989-03","1989","03","-3.7","","-14.8","","-9.3","","10.7","","-33.0","","1.2","","8.0","","8.4","","0","T","15","","61",""
"-102.57","50.37","BROADVIEW","4010879","1989-04","1989","04","11.1","","-3.2","","4.0","","28.0","","-12.2","","5.8","","1.6","","7.4","","0","","29","","74",""
"-102.57","50.37","BROADVIEW","4010879","1989-05","1989","05","20.4","","5.1","","12.8","","28.9","","-5.0","","35.0","","0.2","","35.2","","0","","26","","80",""
"-102.57","50.37","BROADVIEW","4010879","1989-06","1989","06","22.6","","8.1","","15.4","","32.7","","0.5","","67.2","","0.0","","67.2","","0","","28","","61",""
"-102.57","50.37","BROADVIEW","4010879","1989-07","1989","07","28.1","","12.8","","20.5","","35.7","","7.5","","69.2","","0.0","","69.2","","0","","27","","80",""
"-102.57","50.37","BROADVIEW","4010879","1989-08","1989","08","25.5","","10.0","","17.8","","37.8","","1.3","","58.6","","0.0","","58.6","","0","","23","","61",""
"-102.57","50.37","BROADVIEW","4010879","1989-09","1989","09","19.6","","4.1","","11.9","","29.5","","-3.9","","18.8","","0.0","","18.8","","0","","32","","67",""
"-102.57","50.37","BROADVIEW","4010879","1989-10","1989","10","11.9","","-1.8","","5.1","","22.2","","-8.7","","48.2","","7.8","","55.8","","0","T","28","","74",""
"-102.57","50.37","BROADVIEW","4010879","1989-11","1989","11","-1.2","","-10.9","","-6.1","","10.4","","-25.5","","7.0","","29.2","","25.8","","2","","31","","72",""
"-102.57","50.37","BROADVIEW","4010879","1989-12","1989","12","-11.3","","-21.8","","-16.6","","3.4","","-39.2","","1.6","","13.6","","10.4","","2","","32","","85",""
"-102.57","50.37","BROADVIEW","4010879","1990-01","1990","01","-4.8","","-15.5","","-10.2","","4.5","","-34.6","S","1.0","","26.0","","23.8","","14","","29","","96",""
"-102.57","50.37","BROADVIEW","4010879","1990-02","1990","02","-6.4","","-19.3","","-12.9","","5.1","","-35.3","","0.0","T","10.8","","7.3","","9","","29","","81",""
"-102.57","50.37","BROADVIEW","4010879","1990-03","1990","03","1.2","","-7.5","","-3.2","","12.0","","-16.9","","15.1","","31.4","","44.7","","0","T","26","","83",""
"-102.57","50.37","BROADVIEW","4010879","1990-04","1990","04","8.6","","-2.4","","3.1","","27.5","","-8.8","","16.4","","10.0","","24.2","","1","","32","","69",""
"-102.57","50.37","BROADVIEW","4010879","1990-05","1990","05","17.3","","3.6","","10.5","","28.5","","-4.8","","47.0","","0.4","","47.2","","0","","23","","94",""
"-102.57","50.37","BROADVIEW","4010879","1990-06","1990","06","23.4","","9.5","","16.5","","31.3","","-0.7","","70.0","","0.0","","70.0","","0","","30","","93",""
"-102.57","50.37","BROADVIEW","4010879","1990-07","1990","07","23.8","","10.1","","17.0","","31.8","","6.8","S","100.2","","0.0","","100.2","","0","","15","","83",""
"-102.57","50.37","BROADVIEW","4010879","1990-08","1990","08","24.7","","11.0","","17.9","","34.6","","5.2","","53.3","","0.0","","53.3","","0","","27","","89",""
"-102.57","50.37","BROADVIEW","4010879","1990-09","1990","09","21.3","","5.5","","13.4","","31.9","","-4.4","","20.2","","0.0","","20.2","","0","","26","","117",""
"-102.57","50.37","BROADVIEW","4010879","1990-10","1990","10","11.1","","-3.5","","3.8","","19.5","","-9.9","","11.0","","2.6","","13.4","","0","","29","","78",""
"-102.57","50.37","BROADVIEW","4010879","1990-11","1990","11","0.3","","-11.4","","-5.6","","11.9","","-26.9","","2.0","","7.6","","9.6","","2","","29","","80",""
"-102.57","50.37","BROADVIEW","4010879","1990-12","1990","12","-12.2","","-23.1","","-17.7","","6.1","","-39.0","","0.0","T","28.6","","24.5","","7","","28","","83",""
"-102.57","50.37","BROADVIEW","4010879","1991-01","1991","01","-11.6","","-23.3","","-17.5","","3.5","","-39.6","","0.0","T","13.6","","10.0","","7","","32","","83",""
"-102.57","50.37","BROADVIEW","4010879","1991-02","1991","02","-2.4","","-11.9","","-7.1","","6.1","","-29.0","","0.0","","15.4","","11.4","","5","","22","","65",""
"-102.57","50.37","BROADVIEW","4010879","1991-03","1991","03","-0.1","","-11.5","","-5.8","","15.4","","-29.5","","0.0","T","31.0","","25.6","","0","T","31","","74",""
"-102.57","50.37","BROADVIEW","4010879","1991-04","1991","04","12.7","","-0.8","","5.9","","24.7","","-7.7","","31.2","","8.8","","39.8","","0","","26","","70",""
"-102.57","50.37","BROADVIEW","4010879","1991-05","1991","05","17.5","","5.2","","11.4","","29.7","","-4.5","","95.0","","18.2","","112.2","","0","","21","","83",""
"-102.57","50.37","BROADVIEW","4010879","1991-06","1991","06","22.8","","11.3","","17.1","","27.4","","6.0","","103.8","","0.0","","103.8","","0","","26","","67",""
"-102.57","50.37","BROADVIEW","4010879","1991-07","1991","07","24.2","","11.4","","17.8","","30.8","","6.5","","74.8","","0.0","","74.8","","0","","32","","72",""
"-102.57","50.37","BROADVIEW","4010879","1991-08","1991","08","25.4","","11.6","","18.5","","31.6","","7.1","","162.2","","0.0","","162.2","","0","","24","","69",""
"-102.57","50.37","BROADVIEW","4010879","1991-09","1991","09","17.3","","4.4","","10.9","","32.9","","-3.8","","68.8","","5.2","","74.2","","0","","34","","96",""
"-102.57","50.37","BROADVIEW","4010879","1991-10","1991","10","7.0","","-3.6","","1.7","","21.4","","-19.1","","14.4","","16.6","","27.2","","1","","27","","106",""
"-102.57","50.37","BROADVIEW","4010879","1991-11","1991","11","-2.0","","-13.5","","-7.7","","9.8","","-27.6","","0.2","","24.4","","18.6","","9","","31","","74",""
"-102.57","50.37","BROADVIEW","4010879","1991-12","1991","12","-5.7","","-15.9","","-10.8","","4.1","","-34.1","","0.2","","38.8","","31.6","","13","","25","","69",""
"-102.57","50.37","BROADVIEW","4010879","1992-01","1992","01","-4.4","","-15.7","","-10.1","","4.8","","-35.9","","1.4","","20.2","","18.0","","18","","32","","72",""
"-102.57","50.37","BROADVIEW","4010879","1992-02","1992","02","-5.0","","-13.9","","-9.5","","5.4","S","-31.8","","0.0","T","16.4","","12.6","","12","","30","","57",""
"-102.57","50.37","BROADVIEW","4010879","1992-03","1992","03","3.2","","-5.8","","-1.3","","12.6","","-14.5","","9.6","","8.0","","17.0","","0","T","22","","65",""
"-102.57","50.37","BROADVIEW","4010879","1992-04","1992","04","8.8","","-3.0","","2.9","","26.6","","-13.0","","25.0","","19.4","","44.2","","0","","25","","69",""
"-102.57","50.37","BROADVIEW","4010879","1992-05","1992","05","17.5","","4.1","","10.9","","32.4","","-1.7","","94.4","","10.4","","104.8","","0","","1","","72",""
"-102.57","50.37","BROADVIEW","4010879","1992-06","1992","06","20.2","","8.2","","14.2","","28.8","","2.3","","34.2","","0.0","","34.2","","0","","32","","61",""
"-102.57","50.37","BROADVIEW","4010879","1992-07","1992","07","21.1","","8.8","","15.0","","26.2","","3.7","","46.0","","0.0","","46.0","","0","","31","","70",""
"-102.57","50.37","BROADVIEW","4010879","1992-08","1992","08","22.1","","7.3","","14.8","","33.7","","0.2","","39.0","","0.0","","39.0","","0","","24","","78",""
"-102.57","50.37","BROADVIEW","4010879","1992-09","1992","09","16.8","","3.1","","10.0","","30.7","","-3.8","","23.2","","1.6","","24.8","","0","","27","","72",""
"-102.57","50.37","BROADVIEW","4010879","1992-10","1992","10","10.8","","-2.1","","4.3","","31.7","","-15.1","","6.8","","17.8","","22.8","","0","","32","S","72","S"
"-102.57","50.37","BROADVIEW","4010879","1992-11","1992","11","-0.4","","-6.3","","-3.4","","7.4","","-15.7","","0.2","","8.0","","6.8","","3","","32","","74",""
"-102.57","50.37","BROADVIEW","4010879","1992-12","1992","12","-12.0","","-23.1","","-17.6","","0.4","","-37.7","","0.0","T","39.2","","28.8","","19","","31","","96",""
"-102.57","50.37","BROADVIEW","4010879","1993-01","1993","01","-10.5","","-21.3","","-15.9","","6.9","","-41.5","","0.0","T","6.6","","3.8","","6","","30","","70",""
"-102.57","50.37","BROADVIEW","4010879","1993-02","1993","02","-7.2","","-16.8","","-12.1","","8.5","","-29.5","","0.0","","7.0","","3.2","","3","","28","","52",""
"-102.57","50.37","BROADVIEW","4010879","1993-03","1993","03","2.6","","-7.8","","-2.6","","19.5","","-25.1","","5.4","","44.2","","45.0","","17","","30","","56",""
"-102.57","50.37","BROADVIEW","4010879","1993-04","1993","04","9.5","","-3.2","","3.2","","19.9","","-17.0","","6.6","","6.2","","12.0","","0","","13","","65",""
"-102.57","50.37","BROADVIEW","4010879","1993-05","1993","05","17.9","","2.8","","10.4","","29.2","","-4.7","","25.8","","2.0","","27.8","","0","","29","","70",""
"-102.57","50.37","BROADVIEW","4010879","1993-06","1993","06","19.3","","6.7","","13.0","","31.2","","0.1","","72.6","","0.0","","72.6","","0","","30","S","70","S"
"-102.57","50.37","BROADVIEW","4010879","1993-07","1993","07","20.9","","9.3","","15.1","","28.2","","4.6","","121.4","","0.0","","121.4","","0","","29","","76",""
"-102.57","50.37","BROADVIEW","4010879","1993-08","1993","08","21.9","","9.5","","15.7","","30.9","","3.2","","65.2","","0.0","","65.2","","0","","31","","72",""
"-102.57","50.37","BROADVIEW","4010879","1993-09","1993","09","16.0","","3.0","","9.5","","24.5","","-4.7","","54.4","","4.4","","58.8","","0","","33","I","83","I"
"-102.57","50.37","BROADVIEW","4010879","1993-10","1993","10","9.5","","-3.2","","3.2","","21.8","","-11.6","","13.2","","1.2","","14.4","","0","T","31","","87",""
"-102.57","50.37","BROADVIEW","4010879","1993-11","1993","11","-3.0","","-11.9","","-7.5","","5.7","","-24.9","","1.8","","22.8","","23.0","","5","","29","","70",""
"-102.57","50.37","BROADVIEW","4010879","1993-12","1993","12","-5.3","","-16.0","","-10.7","","3.3","","-36.5","","0.0","T","27.6","","23.8","","11","","31","","67",""
"-102.57","50.37","BROADVIEW","4010879","1994-01","1994","01","-17.4","","-27.1","","-22.3","","-5.5","","-37.7","S","0.0","T","39.6","","33.4","","23","","31","","54","S"
"-102.57","50.37","BROADVIEW","4010879","1994-02","1994","02","-14.5","","-25.5","","-20.0","","0.3","","-38.4","S","0.0","T","20.6","","17.2","","34","","35","","67",""
"-102.57","50.37","BROADVIEW","4010879","1994-03","1994","03","1.9","","-6.3","","-2.2","","12.3","","-21.7","","0.6","","2.2","","2.4","","2","","30","","87",""
"-102.57","50.37","BROADVIEW","4010879","1994-04","1994","04","10.5","","-3.0","","3.8","","25.8","","-11.2","","5.0","","13.0","","17.0","","0","","30","","76",""
"-102.57","50.37","BROADVIEW","4010879","1994-05","1994","05","19.2","","4.2","","11.7","","29.1","","-5.2","","22.4","","0.0","","22.4","","0","","29","","87",""
"-102.57","50.37","BROADVIEW","4010879","1994-06","1994","06","20.8","","9.5","","15.2","","28.3","","2.2","","150.6","","0.0","","150.6","","0","","34","","87",""
"-102.57","50.37","BROADVIEW","4010879","1994-07","1994","07","23.0","","10.6","","16.9","","30.5","","4.8","","45.6","","0.0","","45.6","","0","","31","","91",""
"-102.57","50.37","BROADVIEW","4010879","1994-08","1994","08","22.2","","9.7","","16.0","","31.6","","3.8","","100.1","","0.0","","100.1","","0","","32","","95",""
"-102.57","50.37","BROADVIEW","4010879","1994-09","1994","09","20.9","","5.8","","13.4","","29.1","","-0.7","","17.8","","0.0","","17.8","","0","","28","I","59","I"
"-102.57","50.37","BROADVIEW","4010879","1994-10","1994","10","11.7","","1.4","","6.6","","24.2","","-10.1","","18.2","","0.0","T","18.2","","0","","29","I","85","I"
"-102.57","50.37","BROADVIEW","4010879","1994-11","1994","11","","M","","M","","M","","M","","M","","M","","M","","M","","M","","M","","M"
"-102.57","50.37","BROADVIEW","4010879","1994-12","1994","12","","M","","M","","M","","M","","M","","M","","M","","M","","M","","M","","M"
"-102.57","50.37","BROADVIEW","4010879","1995-01","1995","01","","","","","","","","","","","","","","","","","","","","","",""
"-102.57","50.37","BROADVIEW","4010879","1995-02","1995","02","","","","","","","","","","","","","","","","","","","","","",""
"-102.57","50.37","BROADVIEW","4010879","1995-03","1995","03","","","","","","","","","","","","","","","","","","","","","",""
"-102.57","50.37","BROADVIEW","4010879","1995-04","1995","04","","","","","","","","","","","","","","","","","","","","","",""
"-102.57","50.37","BROADVIEW","4010879","1995-05","1995","05","","","","","","","","","","","","","","","","","","","","","",""
"-102.57","50.37","BROADVIEW","4010879","1995-06","1995","06","","","","","","","","","","","","","","","","","","","","","",""
"-102.57","50.37","BROADVIEW","4010879","1995-07","1995","07","","","","","","","","","","","","","","","","","","","","","",""
"-102.57","50.37","BROADVIEW","4010879","1995-08","1995","08","","","","","","","","","","","","","","","","","","","","","",""
"-102.57","50.37","BROADVIEW","4010879","1995-09","1995","09","","","","","","","","","","","","","","","","","","","","","",""
"-102.57","50.37","BROADVIEW","4010879","1995-10","1995","10","","","","","","","","","","","","","","","","","","","","","",""
"-102.57","50.37","BROADVIEW","4010879","1995-11","1995","11","","","","","","","","","","","","","","","","","","","","","",""
"-102.57","50.37","BROADVIEW","4010879","1995-12","1995","12","","","","","","","","","","","","","","","","","","","","","",""
"-102.57","50.37","BROADVIEW","4010879","1996-01","1996","01","","","","","","","","","","","","","","","","","","","","","",""
"-102.57","50.37","BROADVIEW","4010879","1996-02","1996","02","","","","","","","","","","","","","","","","","","","","","",""
"-102.57","50.37","BROADVIEW","4010879","1996-03","1996","03","","","","","","","","","","","","","","","","","","","","","",""
"-102.57","50.37","BROADVIEW","4010879","1996-04","1996","04","","","","","","","","","","","","","","","","","","","","","",""
"-102.57","50.37","BROADVIEW","4010879","1996-05","1996","05","","","","","","","","","","","","","","","","","","","","","",""
"-102.57","50.37","BROADVIEW","4010879","1996-06","1996","06","","","","","","","","","","","","","","","","","","","","","",""
"-102.57","50.37","BROADVIEW","4010879","1996-07","1996","07","","","","","","","","","","","","","","","","","","","","","",""
"-102.57","50.37","BROADVIEW","4010879","1996-08","1996","08","","","","","","","","","","","","","","","","","","","","","",""
"-102.57","50.37","BROADVIEW","4010879","1996-09","1996","09","","","","","","","","","","","","","","","","","","","","","",""
"-102.57","50.37","BROADVIEW","4010879","1996-10","1996","10","","","","","","","","","","","","","","","","","","","","","",""
"-102.57","50.37","BROADVIEW","4010879","1996-11","1996","11","","","","","","","","","","","","","","","","","","","","","",""
"-102.57","50.37","BROADVIEW","4010879","1996-12","1996","12","","","","","","","","","","","","","","","","","","","","","",""
"-102.57","50.37","BROADVIEW","4010879","1997-01","1997","01","","","","","","","","","","","","","","","","","","","","","",""
"-102.57","50.37","BROADVIEW","4010879","1997-02","1997","02","","","","","","","","","","","","","","","","","","","","","",""
"-102.57","50.37","BROADVIEW","4010879","1997-03","1997","03","","","","","","","","","","","","","","","","","","","","","",""
"-102.57","50.37","BROADVIEW","4010879","1997-04","1997","04","","","","","","","","","","","","","","","","","","","","","",""
"-102.57","50.37","BROADVIEW","4010879","1997-05","1997","05","","","","","","","","","","","","","","","","","","","","","",""
"-102.57","50.37","BROADVIEW","4010879","1997-06","1997","06","","","","","","","","","","","","","","","","","","","","","",""
"-102.57","50.37","BROADVIEW","4010879","1997-07","1997","07","","","","","","","","","","","","","","","","","","","","","",""
"-102.57","50.37","BROADVIEW","4010879","1997-08","1997","08","","","","","","","","","","","","","","","","","","","","","",""
"-102.57","50.37","BROADVIEW","4010879","1997-09","1997","09","","","","","","","","","","","","","","","","","","","","","",""
"-102.57","50.37","BROADVIEW","4010879","1997-10","1997","10","","","","","","","","","","","","","","","","","","","","","",""
"-102.57","50.37","BROADVIEW","4010879","1997-11","1997","11","","","","","","","","","","","","","","","","","","","","","",""
"-102.57","50.37","BROADVIEW","4010879","1997-12","1997","12","","","","","","","","","","","","","","","","","","","","","",""
"-102.57","50.37","BROADVIEW","4010879","1998-01","1998","01","","","","","","","","","","","","","","","","","","","","","",""
"-102.57","50.37","BROADVIEW","4010879","1998-02","1998","02","","","","","","","","","","","","","","","","","","","","","",""
"-102.57","50.37","BROADVIEW","4010879","1998-03","1998","03","","","","","","","","","","","","","","","","","","","","","",""
"-102.57","50.37","BROADVIEW","4010879","1998-04","1998","04","","","","","","","","","","","","","","","","","","","","","",""
"-102.57","50.37","BROADVIEW","4010879","1998-05","1998","05","","","","","","","","","","","","","","","","","","","","","",""
"-102.57","50.37","BROADVIEW","4010879","1998-06","1998","06","","","","","","","","","","","","","","","","","","","","","",""
"-102.57","50.37","BROADVIEW","4010879","1998-07","1998","07","","","","","","","","","","","","","","","","","","","","","",""
"-102.57","50.37","BROADVIEW","4010879","1998-08","1998","08","","","","","","","","","","","","","","","","","","","","","",""
"-102.57","50.37","BROADVIEW","4010879","1998-09","1998","09","","","","","","","","","","","","","","","","","","","","","",""
"-102.57","50.37","BROADVIEW","4010879","1998-10","1998","10","","","","","","","","","","","","","","","","","","","","","",""
"-102.57","50.37","BROADVIEW","4010879","1998-11","1998","11","","","","","","","","","","","","","","","","","","","","","",""
"-102.57","50.37","BROADVIEW","4010879","1998-12","1998","12","","","","","","","","","","","","","","","","","","","","","",""
"-102.57","50.37","BROADVIEW","4010879","1999-01","1999","01","","","","","","","","","","","","","","","","","","","","","",""
"-102.57","50.37","BROADVIEW","4010879","1999-02","1999","02","","","","","","","","","","","","","","","","","","","","","",""
"-102.57","50.37","BROADVIEW","4010879","1999-03","1999","03","","","","","","","","","","","","","","","","","","","","","",""
"-102.57","50.37","BROADVIEW","4010879","1999-04","1999","04","","","","","","","","","","","","","","","","","","","","","",""
"-102.57","50.37","BROADVIEW","4010879","1999-05","1999","05","","","","","","","","","","","","","","","","","","","","","",""
"-102.57","50.37","BROADVIEW","4010879","1999-06","1999","06","","","","","","","","","","","","","","","","","","","","","",""
"-102.57","50.37","BROADVIEW","4010879","1999-07","1999","07","","","","","","","","","","","","","","","","","","","","","",""
"-102.57","50.37","BROADVIEW","4010879","1999-08","1999","08","","","","","","","","","","","","","","","","","","","","","",""
"-102.57","50.37","BROADVIEW","4010879","1999-09","1999","09","","","","","","","","","","","","","","","","","","","","","",""
"-102.57","50.37","BROADVIEW","4010879","1999-10","1999","10","","","","","","","","","","","","","","","","","","","","","",""
"-102.57","50.37","BROADVIEW","4010879","1999-11","1999","11","","","","","","","","","","","","","","","","","","","","","",""
"-102.57","50.37","BROADVIEW","4010879","1999-12","1999","12","","","","","","","","","","","","","","","","","","","","","",""
"-102.57","50.37","BROADVIEW","4010879","2000-01","2000","01","-9.7","","-21.2","","-15.4","","0.6","","-34.4","","0.0","","12.5","E","12.5","","","","","","",""
"-102.57","50.37","BROADVIEW","4010879","2000-02","2000","02","-3.6","","-14.4","","-9.1","","7.5","","-29.2","","3.0","","1.5","E","4.5","","","","","","",""
"-102.57","50.37","BROADVIEW","4010879","2000-03","2000","03","5.9","","-5.4","","0.3","","15.8","","-18.1","","8.0","","1.0","E","9.0","","0","","","","",""
"-102.57","50.37","BROADVIEW","4010879","2000-04","2000","04","10.6","","-2.1","","4.2","","24.0","","-10.2","","33.0","","4.0","E","37.0","","0","","","","",""
"-102.57","50.37","BROADVIEW","4010879","2000-05","2000","05","","","","","","","","","","","","","","","","","","","","","",""
"-102.57","50.37","BROADVIEW","4010879","2000-06","2000","06","","","","","","","","","","","","","","","","","","","","","",""
"-102.57","50.37","BROADVIEW","4010879","2000-07","2000","07","","","","","","","","","","","","","","","","","","","","","",""
"-102.57","50.37","BROADVIEW","4010879","2000-08","2000","08","","","","","","","","","","","","","","","","","","","","","",""
"-102.57","50.37","BROADVIEW","4010879","2000-09","2000","09","","","","","","","","","","","","","","","","","","","","","",""
"-102.57","50.37","BROADVIEW","4010879","2000-10","2000","10","","","","","","","","","","","","","","","","","","","","","",""
"-102.57","50.37","BROADVIEW","4010879","2000-11","2000","11","-4.2","","-12.3","","-8.3","","5.1","","-24.0","","15.0","","56.0","E","71.0","","","","","","",""
"-102.57","50.37","BROADVIEW","4010879","2000-12","2000","12","-14.0","","-26.3","","-20.2","","0.9","","-36.3","S","0.0","","41.0","E","41.0","","","","","","",""
"-102.57","50.37","BROADVIEW","4010879","2001-01","2001","01","-4.1","","-13.8","","-9.0","","4.0","","-26.6","","0.0","","6.5","E","6.5","","","","","","",""
"-102.57","50.37","BROADVIEW","4010879","2001-02","2001","02","-12.1","","-23.3","","-17.8","","-0.1","","-34.7","","0.0","","6.0","E","6.0","","","","","","",""
"-102.57","50.37","BROADVIEW","4010879","2001-03","2001","03","-1.1","","-11.9","","-6.5","","4.8","","-23.3","","0.0","","17.5","E","17.5","","","","","","",""
"-102.57","50.37","BROADVIEW","4010879","2001-04","2001","04","7.8","","-2.7","","2.6","","29.4","","-17.9","","16.5","","0.5","E","17.0","","0","","","","",""
"-102.57","50.37","BROADVIEW","4010879","2001-05","2001","05","","","","","","","","","","","","","","","","","","","","","",""
"-102.57","50.37","BROADVIEW","4010879","2001-06","2001","06","","","","","","","","","","","","","","","","","","","","","",""
"-102.57","50.37","BROADVIEW","4010879","2001-07","2001","07","","","","","","","","","","","","","","","","","","","","","",""
"-102.57","50.37","BROADVIEW","4010879","2001-08","2001","08","","","","","","","","","","","","","","","","","","","","","",""
"-102.57","50.37","BROADVIEW","4010879","2001-09","2001","09","","","","","","","","","","","","","","","","","","","","","",""
"-102.57","50.37","BROADVIEW","4010879","2001-10","2001","10","","","","","","","","","","","","","","","","","","","","","",""
"-102.57","50.37","BROADVIEW","4010879","2001-11","2001","11","5.6","","-4.7","","0.4","","18.0","","-15.2","","4.5","","3.0","E","7.5","","0","","","","",""
"-102.57","50.37","BROADVIEW","4010879","2001-12","2001","12","-6.3","","-16.4","","-11.4","","4.4","","-24.9","","0.0","","16.5","E","16.5","","","","","","",""
"-102.57","50.37","BROADVIEW","4010879","2002-01","2002","01","-8.0","","-17.8","","-12.9","","6.2","","-34.1","","0.0","","16.5","E","16.5","","","","","","",""
"-102.57","50.37","BROADVIEW","4010879","2002-02","2002","02","-2.8","","-13.2","","-8.0","","5.1","","-29.9","","0.0","","3.5","E","3.5","","","","","","",""
"-102.57","50.37","BROADVIEW","4010879","2002-03","2002","03","-7.8","","-18.5","","-13.2","","5.7","","-27.8","","0.0","","18.5","E","18.5","","","","","","",""
"-102.57","50.37","BROADVIEW","4010879","2002-04","2002","04","6.5","","-5.9","","0.3","","18.6","","-18.5","","45.0","","9.0","E","54.0","","0","","","","",""
"-102.57","50.37","BROADVIEW","4010879","2002-05","2002","05","15.9","","0.0","","7.9","","28.9","","-10.4","","36.0","","0.0","","36.0","","0","","","","",""
"-102.57","50.37","BROADVIEW","4010879","2002-06","2002","06","22.1","","10.5","","16.3","","33.6","","4.8","","125.0","","0.0","","125.0","","0","","","","",""
"-102.57","50.37","BROADVIEW","4010879","2002-07","2002","07","26.5","","12.6","","19.6","","34.2","","6.9","","43.0","","0.0","","43.0","","0","","","","",""
"-102.57","50.37","BROADVIEW","4010879","2002-08","2002","08","22.4","","10.5","","16.5","","30.3","","1.8","","80.5","","0.0","","80.5","","0","","","","",""
"-102.57","50.37","BROADVIEW","4010879","2002-09","2002","09","19.3","","5.3","","12.3","","29.6","","-6.8","","15.5","","0.0","","15.5","","0","","","","",""
"-102.57","50.37","BROADVIEW","4010879","2002-10","2002","10","3.8","","-6.0","","-1.1","","20.1","","-16.0","","5.5","","9.5","E","15.0","","","","","","",""
"-102.57","50.37","BROADVIEW","4010879","2002-11","2002","11","0.6","","-9.9","","-4.7","","10.5","","-24.2","","0.0","","14.5","E","14.5","","0","","","","",""
"-102.57","50.37","BROADVIEW","4010879","2002-12","2002","12","-3.6","","-11.9","","-7.8","","5.3","","-28.3","","0.0","","25.0","E","25.0","","","","","","",""
"-102.57","50.37","BROADVIEW","4010879","2003-01","2003","01","-9.5","","-20.1","","-14.9","","5.5","","-34.4","","0.0","","13.5","E","13.5","","","","","","",""
"-102.57","50.37","BROADVIEW","4010879","2003-02","2003","02","-11.1","","-23.4","","-17.3","","-1.1","","-35.5","","0.0","","15.0","E","15.0","","","","","","",""
"-102.57","50.37","BROADVIEW","4010879","2003-03","2003","03","-3.1","","-13.9","","-8.5","","12.0","","-38.2","","","","","","5.5","","0","","","","",""
"-102.57","50.37","BROADVIEW","4010879","2003-04","2003","04","10.7","","-0.8","","5.0","","22.2","","-16.3","","","","","","49.0","","","","","","",""
"-102.57","50.37","BROADVIEW","4010879","2003-05","2003","05","18.3","","4.8","","11.6","","28.7","","-2.8","","","","","","49.0","","0","","","","",""
"-102.57","50.37","BROADVIEW","4010879","2003-06","2003","06","22.4","","9.8","","16.1","","31.0","","4.0","","","","","","37.0","","0","","","","",""
"-102.57","50.37","BROADVIEW","4010879","2003-07","2003","07","26.6","","12.5","","19.6","","33.5","","3.9","","","","","","28.5","","0","","","","",""
"-102.57","50.37","BROADVIEW","4010879","2003-08","2003","08","28.4","","12.5","","20.5","","34.5","","4.8","","","","","","10.5","","0","","","","",""
"-102.57","50.37","BROADVIEW","4010879","2003-09","2003","09","18.2","","4.3","","11.3","","32.3","","-7.0","","","","","","15.5","","0","","","","",""
"-102.57","50.37","BROADVIEW","4010879","2003-10","2003","10","13.6","","-0.4","","6.6","","26.7","","-15.7","","","","","","16.0","","2","","","","",""
"-102.57","50.37","BROADVIEW","4010879","2003-11","2003","11","-4.6","","-16.3","","-10.4","","5.2","","-27.4","","","","","","16.1","","12","","","","",""
"-102.57","50.37","BROADVIEW","4010879","2003-12","2003","12","-4.2","","-15.6","","-9.9","","5.9","","-29.1","","","","","","14.4","","11","","","","",""
"-102.57","50.37","BROADVIEW","4010879","2004-01","2004","01","-14.9","","-24.7","","-19.8","","-2.8","","-40.8","","0.0","","16.1","E","16.1","","10","","","","",""
"-102.57","50.37","BROADVIEW","4010879","2004-02","2004","02","-5.9","","-17.0","","-11.5","","1.4","","-35.0","","0.0","","8.1","","6.1","","15","","","","",""
"-102.57","50.37","BROADVIEW","4010879","2004-03","2004","03","0.2","","-11.1","","-5.5","","15.4","","-22.6","","0.0","","13.9","","13.9","","0","","","","",""
"-102.57","50.37","BROADVIEW","4010879","2004-04","2004","04","10.7","","-3.6","","3.6","","24.9","","-12.0","","1.4","","8.3","","9.7","","0","","","","",""
"-102.57","50.37","BROADVIEW","4010879","2004-05","2004","05","13.2","","-0.4","","6.4","","23.2","","-12.9","","61.3","","12.2","","73.5","","0","","","","",""
"-102.57","50.37","BROADVIEW","4010879","2004-06","2004","06","18.5","","6.2","","12.4","","28.4","","0.6","","32.4","","0.0","","32.4","","0","","","","",""
"-102.57","50.37","BROADVIEW","4010879","2004-07","2004","07","23.7","","9.2","","16.5","","31.5","","4.4","","31.4","","0.0","","31.4","","0","","","","",""
"-102.57","50.37","BROADVIEW","4010879","2004-08","2004","08","19.8","","6.6","","13.3","","28.1","","-2.9","","85.8","","0.0","","85.8","","0","","","","",""
"-102.57","50.37","BROADVIEW","4010879","2004-09","2004","09","19.4","","4.1","","11.8","","27.3","","-2.4","","5.6","","0.0","","5.6","","0","","","","",""
"-102.57","50.37","BROADVIEW","4010879","2004-10","2004","10","9.8","","-2.1","","3.9","","26.9","","-13.1","","3.5","","11.0","","14.5","","0","","","","",""
"-102.57","50.37","BROADVIEW","4010879","2004-11","2004","11","5.1","","-7.1","","-1.0","","12.4","","-12.5","S","0.0","","2.2","","2.2","","0","","","","",""
"-102.57","50.37","BROADVIEW","4010879","2004-12","2004","12","-6.5","","-16.8","","-11.7","","6.4","S","-30.6","","0.0","","56.3","","40.5","","44","","","","",""
"-102.57","50.37","BROADVIEW","4010879","2005-01","2005","01","-13.0","","-24.6","","-18.8","","2.4","","-41.4","","0.0","","23.5","E","23.5","E","43","","","","",""
"-102.57","50.37","BROADVIEW","4010879","2005-02","2005","02","-6.5","","-18.8","","-12.7","","4.2","","-34.5","","0.0","","3.6","","3.6","","","","","","",""
"-102.57","50.37","BROADVIEW","4010879","2005-03","2005","03","-2.2","","-12.6","","-7.4","","4.7","","-28.8","","1.8","","10.5","","12.3","","","","","","",""
"-102.57","50.37","BROADVIEW","4010879","2005-04","2005","04","12.2","","-0.2","","6.0","","25.1","","-5.2","","5.6","","1.6","","7.2","","0","","","","",""
"-102.57","50.37","BROADVIEW","4010879","2005-05","2005","05","15.3","","2.4","","8.9","","25.5","","-8.5","S","55.6","","0.0","","55.6","","0","","","","",""
"-102.57","50.37","BROADVIEW","4010879","2005-06","2005","06","20.4","","10.1","","15.2","","31.8","","3.3","","134.4","","0.0","","134.4","","0","","","","",""
"-102.57","50.37","BROADVIEW","4010879","2005-07","2005","07","24.7","","10.7","","17.7","","32.4","","-0.5","","30.2","","0.0","","30.2","","0","","","","",""
"-102.57","50.37","BROADVIEW","4010879","2005-08","2005","08","23.1","","8.6","","15.9","","34.7","","2.3","","118.4","","0.0","","118.4","","0","","","","",""
"-102.57","50.37","BROADVIEW","4010879","2005-09","2005","09","19.5","","4.3","","11.9","","27.8","","-3.5","","4.0","","0.0","","4.0","","0","","","","",""
"-102.57","50.37","BROADVIEW","4010879","2005-10","2005","10","11.0","","-1.9","","4.6","","18.5","","-12.9","","13.0","","0.0","","13.0","","0","","","","",""
"-102.57","50.37","BROADVIEW","4010879","2005-11","2005","11","-0.1","","-7.2","","-3.7","","9.3","","-27.0","","11.8","","32.0","","43.8","","","","","","",""
"-102.57","50.37","BROADVIEW","4010879","2005-12","2005","12","-5.5","","-13.2","","-9.4","","4.4","S","-26.7","","0.0","","14.0","","14.0","","","","","","",""
"-102.57","50.37","BROADVIEW","4010879","2006-01","2006","01","-1.8","","-9.7","","-5.8","","5.1","","-23.2","","0.0","","11.8","","11.8","","","","","","",""
"-102.57","50.37","BROADVIEW","4010879","2006-02","2006","02","-7.7","","-18.4","","-13.1","","2.5","S","-33.8","","0.0","","5.9","","5.9","","","","","","",""
"-102.57","50.37","BROADVIEW","4010879","2006-03","2006","03","-1.9","","-11.6","","-6.8","","10.9","","-25.5","","0.0","","9.8","","9.8","","","","","","",""
"-102.57","50.37","BROADVIEW","4010879","2006-04","2006","04","15.1","","0.4","","7.8","","26.4","","-7.6","","71.5","","0.0","","71.5","","0","","","","",""
"-102.57","50.37","BROADVIEW","4010879","2006-05","2006","05","17.7","","4.6","","11.2","","30.4","","-3.1","","55.0","","0.0","","55.0","","0","","","","",""
"-102.57","50.37","BROADVIEW","4010879","2006-06","2006","06","22.1","","10.3","","16.2","","30.6","","5.9","","75.2","","0.0","","75.2","","0","","","","",""
"-102.57","50.37","BROADVIEW","4010879","2006-07","2006","07","26.6","","10.7","","18.7","","33.0","","6.6","","32.0","","0.0","","32.0","","0","","","","",""
"-102.57","50.37","BROADVIEW","4010879","2006-08","2006","08","26.1","","8.8","","17.5","","33.4","","2.7","","24.2","","0.0","","24.2","","0","","","","",""
"-102.57","50.37","BROADVIEW","4010879","2006-09","2006","09","19.5","","3.7","","11.6","","30.6","","-3.3","","41.0","","0.0","","41.0","","0","","","","",""
"-102.57","50.37","BROADVIEW","4010879","2006-10","2006","10","7.2","","-4.0","","1.6","","21.4","","-12.0","","8.6","","4.6","","13.2","","","M","","","",""
"-102.57","50.37","BROADVIEW","4010879","2006-11","2006","11","-0.8","","-11.9","","-6.3","","11.3","","-30.4","","9.8","","24.4","","34.2","","","","","","",""
"-102.57","50.37","BROADVIEW","4010879","2006-12","2006","12","-4.1","E","-16.7","E","-10.3","E","2.3","E","-33.6","E","0.0","","12.1","","12.1","","","","","","",""
"-102.57","50.37","BROADVIEW","4010879","2007-01","2007","01","-7.2","","-18.8","","-13.1","","4.9","","-38.3","","0.0","","5.0","","5.0","","","","","","",""
"-102.57","50.37","BROADVIEW","4010879","2007-02","2007","02","-12.4","","-23.0","","-17.7","","0.6","","-38.6","","0.4","","12.6","","13.0","","","","","","",""
"-102.57","50.37","BROADVIEW","4010879","2007-03","2007","03","2.0","","-9.3","","-3.7","","19.0","","-24.0","","18.4","","10.3","E","28.7","E","","","","","",""
"-102.57","50.37","BROADVIEW","4010879","2007-04","2007","04","10.7","","-3.3","","3.8","","24.1","","-14.2","","11.2","","0.0","","11.2","","","","","","",""
"-102.57","50.37","BROADVIEW","4010879","2007-05","2007","05","14.8","I","3.3","I","9.1","I","27.6","I","-2.8","I","70.4","E","0.0","","70.4","E","0","","","","",""
"-102.57","50.37","BROADVIEW","4010879","2007-06","2007","06","21.2","","9.3","","15.3","","30.2","","3.4","","127.6","","0.0","","127.6","","0","","","","",""
"-102.57","50.37","BROADVIEW","4010879","2007-07","2007","07","26.9","","13.2","","20.1","","35.1","","6.1","","26.8","","0.0","","26.8","","0","","","","",""
"-102.57","50.37","BROADVIEW","4010879","2007-08","2007","08","21.9","","8.7","","15.3","","28.2","","1.4","","43.0","","0.0","","43.0","","0","","","","",""
"-102.57","50.37","BROADVIEW","4010879","2007-09","2007","09","18.8","","3.6","E","11.3","E","29.5","","-5.1","","18.8","","0.0","","18.8","","0","","","","",""
"-102.57","50.37","BROADVIEW","4010879","2007-10","2007","10","11.5","","0.1","","5.8","","22.1","","-8.3","","26.0","","0.0","","26.0","","0","","","","",""
"-102.57","50.37","BROADVIEW","4010879","2007-11","2007","11","-0.6","","-10.7","","-5.6","","11.9","","-29.2","","4.0","","10.0","","14.0","","","","","","",""
